"KEY","VALUE"
"4er Set GEWO Klebefolie HydroTec Duo","Sada 4x Lepicí fólie GEWO Hydro Tec Duo"
"Balíček XIOM Omega 7","Balíček XIOM Omega 7"
"Belag-Kleber Finezip","Lepidlo NITTAKU Finezip"
"Best Anti","Potah NITTAKU Best Anti"
"Čísla na záda GEWO 1-6","Čísla na záda GEWO 1-6"
"Čisticí souprava Joola","Čisticí Souprava Joola"
"Čistič na stůl GEWO 500ml","Čistič na stůl GEWO 500ml"
"Deska stolu GEWO Europa 25mm s rámováním","Deska stolu GEWO Europa 25mm s rámováním"
"Detské tričko SpinWay","Dětské tričko SpinWay"
"Dres Joola Centrela dámsky","tričko Joola Centrela Dámsky"
"Dres Joola Competition 25","dres Joola Competition 25"
"Dres Joola Solstice","tričko Joola Solstice"
"Dres Joola Solstice dámsky","tričko Joola Solstice Dámsky"
"Dres Joola Team 25 dámsky","dres Joola Joola Team 25 Dámský"
"Dres Sanwei čierny","Dres Sanwei"
"Dres SpinWay červený","Dres SpinWay"
"Dres SpinWay dámsky","Dres SpinWay dámský"
"Dres SpinWay fialový","Dres SpinWay"
"Dres SpinWay modrý","Dres SpinWay"
"Drevo Joola Nobilis PBO-c","Dřevo Joola Nobilis Pbo-c"
"Drevo Joola Tezzo Guardian","Dřevo Joola Tezzo Guardian"
"Drevo Joola Tezzo Paladin","Dřevo Joola Tezzo Paladin"
"Drevo Joola Tezzo Warrior","Dřevo Joola Tezzo Warrior"
"Drevo Joola Vyzaryz Freeze HRD","Dřevo Joola Vyzaryz Freeze HRD"
"Drevo Joola Vyzaryz Trinity","Dřevo Joola Vyzaryz Trinity"
"Drevo Sanwei Accumulator C","Dřevo Sanwei Accumulator C"
"Drevo Sanwei Accumulator J","Dřevo Sanwei Accumulator J"
"Drevo Sanwei Accumulator S","Dřevo Sanwei Accumulator S"
"Drevo Sanwei C&C","Dřevo Sanwei C&C"
"Drevo Sanwei Cannon Carbon","Dřevo Sanwei Cannon Carbon"
"Drevo Sanwei Echo","Dřevo Sanwei Echo"
"Drevo Sanwei Fextra Allround","Dřevo Sanwei Fextra Allround"
"Drevo Sanwei Fextra One","Dřevo Sanwei Fextra One"
"Drevo Sanwei Froster","Dřevo Sanwei Froster"
"Drevo Sanwei HC Speed Light","Dřevo Sanwei HC Speed Light"
"Drevo Sanwei Hynover","Dřevo Sanwei Hynover"
"Drevo Sanwei LD Light","Dřevo Sanwei LD Light"
"Drevo Sanwei Multilayer 1","Dřevo Sanwei Multilayer 1"
"Drevo Sanwei Multilayer C","Dřevo Sanwei Multilayer C"
"Drevo Sanwei Multilayer W","Dřevo Sanwei Multilayer W"
"Drevo Sanwei Multilayer Z","Dřevo Sanwei Multilayer Z"
"Drevo Sanwei Paramid","Dřevo Sanwei Paramid"
"Drevo Sanwei Parla","Dřevo Sanwei Parla"
"Drevo Sanwei Shrafton","Dřevo Sanwei Shrafton"
"Drevo SpinWay Argentum","Dřevo SpinWay Argentum"
"Drevo SpinWay Argon AC","Dřevo SpinWay Argon AC"
"Drevo SpinWay Aurum ALC","Dřevo SpinWay Aurum ALC"
"Drevo SpinWay Cuprum","Dřevo SpinWay Cuprum"
"Drevo SpinWay Ferrum","Dřevo SpinWay Ferrum"
"Drevo SpinWay Krypton","Dřevo SpinWay Krypton"
"Drevo SpinWay Neon SC","Dřevo SpinWay Neon SC"
"Drevo SpinWay Platinum","Dřevo SpinWay Platinum"
"Drevo SpinWay Titanium ZLC","Dřevo SpinWay Titanium ZLC"
"Drevo SpinWay Xenon HC","Dřevo SpinWay Xenon HC"
"Dřevo BUTTERFLY A. Mazunov (Japan)","Dřevo BUTTERFLY A. Mazunov (Japan)"
"Dřevo BUTTERFLY Cypress G-Max","Dřevo BUTTERFLY Cypress G-Max"
"Dřevo BUTTERFLY Cypress V-Max","Dřevo BUTTERFLY Cypress V-Max"
"Dřevo BUTTERFLY Diode Pro","Dřevo BUTTERFLY Diode Pro"
"Dřevo BUTTERFLY Hadraw 5","Dřevo BUTTERFLY Hadraw 5"
"Dřevo BUTTERFLY Harimoto Innerforce Super ALC","Dřevo BUTTERFLY Harimoto Innerforce Super ALC"
"Dřevo BUTTERFLY Kong Linghui","Dřevo BUTTERFLY Kong Linghui"
"Dřevo BUTTERFLY Kumpuru","Dřevo BUTTERFLY Kumpuru"
"Dřevo BUTTERFLY Matsudaira ALC","Dřevo BUTTERFLY Matsudaira ALC"
"Dřevo BUTTERFLY Mizutani Jun Major","Dřevo BUTTERFLY Mizutani Jun Major"
"Dřevo BUTTERFLY Outerforce ALC","Dřevo BUTTERFLY Outerforce ALC"
"Dřevo BUTTERFLY Outerforce CAF","Dřevo BUTTERFLY Outerforce CAF"
"Dřevo BUTTERFLY Outerforce ZLC","Dřevo BUTTERFLY Outerforce ZLC"
"Dřevo BUTTERFLY Sardius","Dřevo BUTTERFLY Sardius"
"Dřevo BUTTERFLY SK7 Classic","Dřevo BUTTERFLY SK7 Classic"
"Dřevo BUTTERFLY TB5 Alpha","Dřevo BUTTERFLY TB5 Alpha"
"Dřevo BUTTERFLY Timo Boll Spirit","Dřevo BUTTERFLY Timo Boll Spirit"
"Dřevo BUTTERFLY Xstar V","Dřevo BUTTERFLY Xstar V"
"Dřevo DONIC Anders Lind Hexa Carbon","Dřevo DONIC Anders Lind Hexa Carbon"
"Dřevo DONIC Defplay Inner Carbon","Dřevo DONIC Defplay Inner Carbon"
"Dřevo DONIC Opticon","Dřevo DONIC Opticon"
"Dřevo DONIC Persson 40 Jubilee","Dřevo DONIC Persson 40 Jubilee"
"Dřevo DONIC Whiper Inner Carbon","Dřevo DONIC Whiper Inner Carbon"
"Dřevo DONIC Whiper Outer Carbon","Dřevo DONIC Whiper Outer Carbon"
"Dřevo DONIC WX Dotec Control Plus","Dřevo DONIC WX Dotec Control Plus"
"Dřevo DONIC Zhang Jike New Era","Dřevo DONIC Zhang Jike New Era"
"Dřevo DONIC Zhang Jike Original Carbon","Dřevo DONIC Zhang Jike Original Carbon"
"Dřevo Dr. NEUBAUER Matador Hybrid Carbon","Dřevo Dr. NEUBAUER Matador Hybrid Carbon"
"Dřevo GEWO Aruna Carbon Basic","Dřevo GEWO Aruna Carbon Basic"
"Dřevo GEWO Aruna Kids","Dřevo GEWO Aruna Kids"
"Dřevo GEWO Hybrid Carbob X/Speed","Dřevo GEWO Hybrid Carbob X/Speed"
"Dřevo GEWO OFFense Basic","Dřevo GEWO OFFense Basic"
"Dřevo Gewo Power Carbon","Dřevo Gewo Power Carbon"
"Dřevo GEWO Scepter PKC","Dřevo GEWO Scepter PKC"
"Dřevo GEWO Sensus Carbo Speed","Dřevo GEWO Sensus Carbo Speed"
"Dřevo GEWO Sensus Powerfeeling","Dřevo GEWO Sensus Powerfeeling"
"Dřevo Joola J Carbon","Dřevo Joola J Carbon"
"Dřevo Joola PROline AW5","Dřevo Joola PROline AW5"
"Dřevo Joola PROline AW7","Dřevo Joola PROline AW7"
"Dřevo Joola PROline IAC","Dřevo Joola PROline IAC"
"Dřevo Joola PROline OAC","Dřevo Joola PROline OAC"
"Dřevo Joola PROline ONE","Dřevo Joola PROline ONE"
"Dřevo STIGA Aura Hybrid Carbon","Dřevo STIGA Aura Hybrid Carbon"
"Dřevo STIGA Aura Hybrid Carbon Cybershape","Dřevo STIGA Aura Hybrid Carbon Cybershape"
"Dřevo STIGA Clipper Cybershape","Dřevo STIGA Clipper Cybershape"
"Dřevo STIGA Inspira Hybrid Carbon","Dřevo STIGA Inspira Hybrid Carbon"
"Dřevo STIGA Pure","Dřevo STIGA Pure"
"Dřevo STIGA Pure CWT","Dřevo STIGA Pure CWT"
"Dřevo STIGA Pure Cybershape","Dřevo STIGA Pure Cybershape"
"Dřevo STIGA Wavy Ultra Fiber","Dřevo STIGA Wavy Ultra Fiber"
"Dřevo STIGA Wavy Ultra Fiber Cybershape","Dřevo STIGA Wavy Ultra Fiber Cybershape"
"Dřevo TIBHAR Kratos","Dřevo TIBHAR Kratos"
"Dřevo TIBHAR MK Junior","Dřevo TIBHAR MK Junior"
"Dřevo VICTAS Benedikt Duda AFC","Dřevo VICTAS Benedikt Duda AFC"
"Dřevo VICTAS Gladias AR","Dřevo VICTAS Gladias AR"
"Dřevo VICTAS Gladias EX","Dřevo VICTAS Gladias EX"
"Dřevo VICTAS Gladias HA","Dřevo VICTAS Gladias HA"
"Dřevo VICTAS ZX-GEAR Fiber","Dřevo VICTAS ZX-GEAR Fiber"
"Dřevo XIOM Hayabusa ARX","Dřevo XIOM Hayabusa ARX"
"Dřevo XIOM Hayabusa HX PRO","Dřevo XIOM Hayabusa HX PRO"
"Dřevo XIOM Hayabusa ZL PRO","Dřevo XIOM Hayabusa ZL PRO"
"Dřevo XIOM Hayabusa ZLX","Dřevo XIOM Hayabusa ZLX"
"Dřevo XIOM Paltida","Dřevo XIOM Paltida"
"Entscheidungsmünze","Rozhodovací mince NITTAKU"
"Express / mittellange offensive Noppe","Potah NITTAKU Express"
"Flyatt Carbon OFF","Dřevo NITTAKU Flyatt Carbon OFF"
"FLYATT Carbon Pro OFF","Dřevo NITTAKU Flyatt Carbon Pro OFF"
"Flyatt Evo","Potah NITTAKU Flyatt Evo"
"Flyatt Hard","Potah NITTAKU Flyatt Hard"
"Flyatt Kombi Angebot","Pálka NITTAKU Flyatt Kombi"
"Flyatt Soft","Potah NITTAKU Flyatt Soft"
"Flyatt Spin","Potah NITTAKU Flyatt Spin"
"Genextion V2C","Potah NITTAKU Genextion V2C"
"GEWO Family & Friends Set","Sada GEWO Family & Friends"
"GEWO Hoodie Leo navy/royal XXXS","Mikina GEWO Leo"
"GEWO Hoodie Marano Kids Ash grey/graphite 92","Mikina GEWO Marano Kids"
"GEWO Hoodie Ponza II navy/royal XXXL","Mikina GEWO Ponza II"
"GEWO Hoodie Ponza II navy/royal XXXS","Mikina Gewo Ponza II"
"GEWO Hoodie Ravenna navy/royal L","Mikina GEWO Ravenna"
"GEWO Hoodie Ravenna navy/royal XXXL","Mikina GEWO Ravenna"
"GEWO Hoodie Ravenna navy/royal XXXS","Mikina GEWO Ravenna"
"GEWO Hoodie Toledo navy/royal XS","Mikina GEWO Toledo"
"GEWO Lady Shirt Anzio navy/royal XXXS","Polokošile GEWO Lady Anzio"
"GEWO Lady Shirt Emma navy/pink XXXS","Polokošile GEWO Lady Emma"
"GEWO Lady Shirt Matera navy/pink XXL","Polokošile GEWO Lady Matera"
"GEWO Lady Shirt Matera navy/pink XXXS","Polokošile GEWO Lady Matera"
"GEWO Lady Shirt Mattia navy/midblue XL","Polokošile GEWO Lady Mattia"
"GEWO Lady Shirt Ravenna Nine Iron/lime S","Polokošile Lady GEWO Ravenna"
"GEWO Lady Shirt Toledo navy/royal XXXS","Polokošile GEWO Lady Toledo"
"GEWO Platzierungstafel bronze","Plaketa GEWO bronz"
"GEWO Reinigungsschwamm Microfaser","Houbička GEWO Microfaser"
"GEWO Shirt Ponza III navy/orange M","Polokošile GEWO Ponza III"
"GEWO Shirt Ponza III navy/orange XXXXS","Polokošile GEWO Ponza III"
"GEWO Shorts Lagon marine XXXXS","Kraťasy GEWO Lagon"
"GEWO Shorts Mattia Print navy/midblue S","Kraťasy GEWO Mattia Print"
"GEWO Shorts Mattia Print navy/midblue XXS","Kraťasy GEWO Mattia Print"
"GEWO Shorts Mattia Print navy/midblue XXXS","Kraťasy GEWO Mattia Print"
"GEWO Shorts Paza Color II lime XXXXS","Kraťasy GEWO Paza Color II"
"GEWO Shorts Paza Color III sky XXXXL","Kraťasy GEWO Paza Color III"
"GEWO Shorts Paza Color III sky XXXXS","Kraťasy GEWO Paza Color III"
"GEWO Spinballs 40+ 12er","Míčky GEWO Spinballs 40+ 12ks"
"GEWO Spin-Coach","Spin-Coach GEWO"
"GEWO T-Shirt Anzio navy/royal XXXXS","Tričko GEWO Anzio"
"GEWO T-Shirt Bloques Promo Nexxus Pro ns navy/sky XXL","Tričko GEWO Bloques Promo Nexxus Pro ns"
"GEWO T-Shirt Bloques Promo Nexxus Pro ns navy/sky XXXL","Tričko GEWO Bloques Nexxus Pro"
"GEWO T-Shirt Bloques Promo Nexxus Pro ns navy/sky XXXXS","Tričko GEWO Bloques Promo Nexxus Pro ns"
"GEWO T-Shirt Matera navy/royal M","Tričko GEWO Matera"
"GEWO T-Shirt Matera navy/royal XS","Tričko GEWO Matera"
"GEWO T-Shirt Matera navy/royal XXXXS","Tričko GEWO Matera"
"GEWO T-Shirt Pesaro navy/lime XXXXS","Tričko GEWO Pesaro"
"GEWO T-Shirt Ravenna navy/royal XXXXS","Tričko GEWO Ravenna"
"GEWO T-Shirt Ravenna Nine Iron/lime XS","Tričko GEWO Ravenna"
"GEWO T-Shirt Toledo navy/royal XXXXS","Tričko GEWO Toledo"
"Hammond","Potah NITTAKU Hammond"
"Holz Sieben - Meister Serie","Dřevo NITTAKU Sieben - Meister Serie"
"Houbička HALLMARK na čištění potahů","Houbička HALLMARK na čištění potahů"
"Houbička jelenicová BUTTERFLY","Houbička jelenicová BUTTERFLY"
"Houbička jelenicová DONIC","Houbička jelenicová DONIC"
"Houbičky na lepení potahů ANDRO 25 ks","Houbičky na lepení potahů ANDRO 25 ks"
"Houbičky na lepení potahů ANDRO 50 ks","Houbičky na lepení potahů ANDRO 50 ks"
"Hurricane 3","Potah NITTAKU Hurricane 3"
"Japsko - OFF+","dřevo Joola Japsko - OFF+"
"Jolla - ACE cotton","tričko Joola ACE Cotton"
"Jolla - Ace T-shirt","tričko Joola Ace"
"Jolla - Bat cover Pocket","Pálka Joola Bat Cover Pocket"
"Jolla - Ravenna Lady Pant","kalhoty Joola Ravenna Lady Pant"
"Jolla - Rossi Classic","pálka Joola Rossi Classic"
"Jolla - Squadra bunda","bunda Joola Squadra"
"Jolla - Summit jacket","bunda Joola Summit"
"Jolla - Summit pants","kalhoty Joola Summit"
"Jolla - Team 14 bunda","bunda Joola Team 14"
"Jolla - Team 14 pants","kalhoty Joola Team 14"
"JOOLA -  set míčků COLORATO","Sada Joola Colorato"
"Joola - ""J"" Offense","dřevo Joola Joola J Offense"
"JOOLA - 2000-S PRO","stůl Joola 2000-s PRO"
"Joola - 300 S","stůl Joola 300 S"
"Joola - 3000 SC PRO","stůl Joola 3000 SC PRO"
"JOOLA - A/C Adapter","adaptér Joola A/C Adapter Pro Roboty Buddy"
"JOOLA - ACE","polokošile Joola ACE"
"Joola - Advanced train ***40+WH Poybag24","míček Joola Advanced Training *** 40+ WH"
"Joola - Airform shirt","tričko Joola Airform"
"Joola - Allround ""J""","dřevo Joola J-blade Allround"
"Joola - ALU kufřík","pouzdro Joola ALU Kufřík"
"Joola - ALU kufřík laser 2020","Kufřík Joola ALU Kufřík Laser 2020"
"JOOLA - ALUTERNA","stůl Joola Aluterna"
"Joola - AMY Classic","potah Joola AMY Classic"
"Joola - Amy Control","potah Joola Amy Control"
"JOOLA - ANVIA","tričko Joola Anvia"
"Joola - Ball case 3","obal na míčky Joola Ball Case 3"
"Joola - Ballset Sports 12ks","Sada Joola Ballset Sports 12ks"
"Joola - Basic 20","šortky Joola Basic 20"
"Joola - Beat","pálka Joola Beat"
"JOOLA - BOOGIE","pálka Joola Boogie"
"Joola - box na ručníky","stojan na ručníky Joola Box Na Ručníky"
"Joola - BUDDY V300 - iPong","robot Joola Buddy V300"
"Joola - Bunda Campo","bunda Joola Bunda Campo"
"JOOLA - Bunda OUTGEAR","bunda Joola Outgear"
"Joola - Centrela","košile Joola Centrela"
"Joola - Clipper Foam (pěna 100ml) set","čistič Joola Clipper Foam"
"Joola - Club","síťka Joola Club"
"Joola - COURT junior","obuv Joola Court Junior"
"JOOLA - COURT'20","obuv Joola Court'20"
"Joola - CWX","potah Joola CWX"
"Joola - Čelenka Joola","čelenka Joola Čelenka Joola"
"Joola - Čistící souprava","čistící souprava Joola Čistící Souprava"
"Joola - Danny mikina","mikina Joola Danny Mikina"
"Joola - Denon","sportovní oblečení Joola Denon"
"Joola - Double Alu kufřík","pouzdro Joola Double Alu Kufřík"
"JOOLA - DUOMAT PRO","stůl Joola Duomat PRO"
"Joola - Dynaryz ACC","potah Joola Dynaryz ACC"
"Joola - Dynaryz ACC - purple","potah Joola Dynaryz ACC"
"Joola - Dynaryz AGR","potah Joola Dynaryz AGR"
"Joola - Dynaryz AGR purple","potah Joola Dynaryz AGR"
"Joola - Dynaryz CMD","potah Joola Dynaryz CMD"
"Joola - Dynaryz CMD purple","potah Joola Dynaryz CMD"
"Joola - Dynaryz Inferno","potah Joola Dynaryz Inferno"
"JOOLA - Dynaryz ZGR","potah Joola Dynaryz ZGR"
"Joola - Dynaryz ZGX","potah Joola Dynaryz ZGX"
"Joola - Eagle Speed","dřevo Joola Eagle Speed"
"Joola - Easy","síťka Joola Easy"
"Joola - Edge lady","tričko Joola Edge Lady"
"Joola - Edge Polo","polokošile Joola Edge Polo"
"Joola - EMOX Lady","triko Joola EMOX Lady"
"JOOLA - Escape zimní bunda","bunda Joola Escape"
"Joola - Express Ultra","potah Joola Express Ultra"
"Joola - Eylon bunda","bunda Joola Elyon"
"Joola - Eylon vesta","vesta Joola Elyon"
"Joola - FALK lady","triko Joola FALK Lady"
"JOOLA - GOLDEN TANGO","potah Joola Golden Tango"
"JOOLA - GOLDEN TANGO PS","potah Joola Golden Tango PS"
"Joola - Goldstripe","šortky Joola Goldstripe"
"Joola - houba jelenicová","čistič Joola Houba Jelenicová"
"JOOLA - CHALLENGER ALL","dřevo Joola Challenger ALL"
"JOOLA - CHALLENGER OFF","dřevo Joola Challenger OFF"
"Joola - Chen Weixing DEF+","dřevo Joola Chen Weixing DEF+"
"Joola - Chilax 22","souprava Joola Chilax 22"
"Joola - Chilax bunda","bunda Joola Chilax Bunda"
"Joola - Chilax kalhoty","kalhoty Joola Chilax Kalhoty"
"Joola - Chilax souprava","tepláková souprava Joola Chilax"
"Joola - J Carbon","dřevo Joola J Carbon"
"Joola - K6","dřevo Joola K6"
"JOOLA - KARAKAŠEVIĆ FEELING","dřevo Joola Karakašević Feeling"
"Joola - Klick","síťka Joola Klick"
"Joola - krycí folie","folie Joola Krycí Folie"
"Joola - Kšiltovka Joola","čepice Joola Joola Trinity"
"Joola - láhev na pití Lavender","láhev Joola Láhev Na Pití Lavender"
"Joola - lak na dřevo","lak Joola Lak Na Dřevo"
"Joola - Libre","síťka Joola Libre"
"Joola - LINARES  Polokošile","polokošile Joola Linares"
"Joola - Maco","šortky Joola Maco"
"Joola - Maco 20","šortky Joola Maco 20"
"Joola - Magic ABS 144 ks","míček Joola Magic ABS"
"Joola - Magic ABS 72 ks","míček Joola Magic ABS"
"Joola - Mara 15/16","sukně Joola Mara 15/16"
"Joola - Mara 16/17","sukně Joola Mara 16/17"
"JOOLA - MARA 20","sukně Joola MARA 20"
"JOOLA - MATCH","pálka Joola Match"
"JOOLA - MATCH LITE","pálka Joola Match LITE"
"Joola - Match Pro","pálka Joola Match Pro"
"Joola - MAXXX 500","potah Joola Maxxx 500"
"Joola - měrka na síťku","měrka Joola Měrka Na Síťku"
"Joola - Meto","šortky Joola Meto"
"Joola - MICRON","potah Joola Micron"
"Joola - míčky *** Flash P40+ 6","Míčky Joola Flash P40+"
"Joola - míčky *** Flash P40+ 72 ks","Míčky Joola Flash P40+"
"Joola - Midi stůl","stůl Joola Midi Stůl"
"Joola - Mikado OFF","dřevo Joola Mikado OFF"
"Joola - Mikina FIT","Mikina Joola Mikina FIT"
"Joola - mikina Perform","Mikina Joola Perform"
"JOOLA - mikina STELLUS","Mikina Joola Stellus"
"Joola - Milan (bavlna)","polokošile Joola Milan"
"Joola - Milan Lady  Třičko - lady","tričko Joola Milan Lady"
"Joola - Mini stůl","stůl Joola Mini Stůl"
"Joola - Mirno","šortky Joola Mirno"
"Joola - Moon","bunda Joola Moon"
"Joola - MOVE","tričko Joola MOVE"
"Joola - MOVE Lady","tričko Joola MOVE Lady"
"Joola - náhr houbičky s klipsem","příslušenství Joola Náhr Houbičky S Klipsem"
"Joola - náhradní síťka s tyčovinou WM","Síťka Joola Náhradní Síťka S Tyčovinou WM"
"Joola - Nappa","triko Joola Nappa"
"Joola - nátepník JOOLA","potítko Joola Nátepník Joola"
"Joola - NexTT 23","obuv Joola Nextt 23"
"Joola - obal na stůl","obal Joola Obal Na Stůl"
"Joola - ohrádka 233","ohrádka Joola Ohrádka 233"
"JOOLA - OCHRANNÝ OBAL (TABLE COVER WEATHERPROOFED)","obal na stůl Joola All Weather Table Cover"
"JOOLA - OUTDOOR J200A","stůl Joola Outdoor J200a"
"JOOLA - OUTDOOR RALLY TL","stůl Joola Outdoor Rally TL"
"Joola - Outdoor síťka","síťka Joola Outdoor Síťka"
"Joola - páska na hranu pálky - 0,5m","páska Joola Páska Na Hranu Pálky"
"Joola - páska na hranu pálky Joola 2020 - 0,5m","páska Joola Joola 2020"
"Joola - páska na hranu pálky Joola 2020 - 50m","páska Joola Páska Na Hranu Pálky Joola 2020"
"Joola - páska na hranu pálky Joola 2020 - 5m","páska na hranu Joola Páska Na Hranu Pálky Joola 2020"
"JOOLA - PERFORM","dres Joola Perform"
"JOOLA - PERFORM Lady","dres Joola Perform Lady"
"Joola - Perseus Kšiltovka","kšiltovka Joola Perseus Kšiltovka"
"Joola - Plexus","Polokošile Joola Plexus Polokošile"
"Joola - počítadlo POINTER","Počítadla Joola Pointer"
"Joola - počítadlo RESULT","Počítadla Joola Result"
"Joola - Polo Airform","polokošile Joola Polo Airform"
"Joola - Pouzdro na míčky 15 ks","Pouzdro Joola Pouzdro Na Míčky 15 Ks"
"Joola - Prime *** 40+ 6 ks","míček Joola Prime 40+ ***"
"Joola - Prime *** 40+ 72 ks","míček Joola Prime 40+ ***"
"JOOLA - PRO BLAST","obuv Joola PRO Blast"
"Joola - Pro Junior","obuv Joola Pro Junior"
"Joola - PRO TOUR","síťka Joola PRO TOUR"
"Joola - PROline AW5","dřevo Joola Proline AW5"
"Joola - PROline AW7","dřevo Joola Proline AW7"
"Joola - PROline IAC","dřevo Joola Proline IAC"
"Joola - PROline OAC","dřevo Joola Proline OAC"
"Joola - Ravenna","sportovní souprava Joola Ravenna"
"Joola - RAVENNA lady","souprava Joola Ravenna Lady"
"JOOLA - reprezentační tričko Czech Republic dámské","Triko Joola Reprezentační Tričko Czech Republic Dámské"
"JOOLA - reprezentační tričko Czech Republic pánské s límečkem","Triko Joola Reprezentační Tričko Czech Republic Pánské S Límečkem"
"JOOLA - Rhyzen CMD","potah Joola Rhyzen CMD"
"JOOLA - Rhyzen CMD blue","potah Joola Rhyzen CMD Blue"
"JOOLA - RHYZEN FIRE","potah Joola Rhyzen FIRE"
"JOOLA - RHYZEN ICE","potah Joola Rhyzen ICE"
"JOOLA - Rhyzen ZGR","potah Joola Rhyzen ZGR"
"Joola - Rhyzen ZGX","potah Joola Rhyzen ZGX"
"Joola - robot SHORTY","Roboti Joola Robot Shorty"
"Joola - ROSSI EMOTION PBO-c","dřevo Joola Rossi Emotion Pbo-c"
"JOOLA - ROSSI JR PRO","pálka Joola Rossi JR PRO"
"Joola - Rossi junior","dřevo Joola Rossi Junior"
"Joola - ROSSKOPF ATTACK","pálka Joola Rosskopf Attack"
"Joola - Rosskopf Emotion","dřevo Joola Rosskopf Emotion"
"JOOLA - ROSSKOPF SMASH","pálka Joola Rosskopf Smash"
"Joola - ruksak na kolečkách Alpha","batoh Joola Alpha"
"JOOLA - Ruksak VISION II","batoh Joola Vision II"
"JOOLA - SANTORU KL-c INNER","dřevo Joola Santoru Kl-c Inner"
"JOOLA - SANTORU KL-c OUTER","dřevo Joola Santoru Kl-c Outer"
"Joola - sběrač míčků","sběrač míčků Joola Joola Sběrač Míčků"
"Joola - Scorpeus kšiltovka","příslušenství Joola Scorpeus"
"JOOLA - Síťovina s tyčemi - WM","síťka Joola Joola WM"
"Joola - Snapper","síťka Joola Snapper"
"Joola - Solstice","tričko Joola Solstice"
"Joola - Solstice Lady","tričko Joola Solstice Lady"
"Joola - souprava Summit","oblečení Joola Summit"
"Joola - souprava Trigon","souprava Joola Trigon"
"Joola - Spring","síťka Joola Spring"
"JOOLA - SPRINT šortky","šortky Joola Sprint"
"JOOLA - SQUADRA","tepláková souprava Joola Squadra"
"Joola - Stiq13","bunda Joola Stiq13"
"Joola - stolek pro rozhodčí","stolek Joola Stolek Pro Rozhodčí"
"Joola - stolek pro rozhodčí (velký)","stolek pro rozhodčí Joola Stolek Pro Rozhodčí (velký)"
"JOOLA - SYNERGY","polokošile Joola Synergy"
"Joola - Synergy bunda","bunda Joola Synergy Bunda"
"Joola - Synergy kalhoty","tepláková souprava Joola Synergy Kalhoty"
"Joola - Synergy souprava","tepláková souprava Joola Synergy"
"Joola - šortky Chilax","šortky Joola Chilax"
"Joola - Table cleaner (čistič stolu)","Stůl Joola Table Cleaner"
"Joola - Tango Ultra","potah Joola Tango Ultra"
"Joola - Taška VISION II","Taška Joola Vision II"
"Joola - Team 14","sportovní souprava Joola Team 14"
"JOOLA - TEAM SCHOOL","pálka Joola TEAM School"
"JOOLA - TERNI sneaker","ponožky Joola Terni Sneaker"
"Joola - textilní síťka samotná","Síťka Joola Textilní Síťka"
"JOOLA - TEZZO GUARDIAN","dřevo Joola Tezzo Guardian"
"JOOLA - TEZZO PALADIN","dřevo Joola Tezzo Paladin"
"JOOLA - TEZZO SPARTAN","dřevo Joola Tezzo Spartan"
"JOOLA - TEZZO WARRIOR","dřevo Joola Tezzo Warrior"
"Joola - Torrent shirt","tričko Joola Torrent"
"Joola - Trainig balls 40+ 144 ks","míčky Joola Trainig Balls 40+"
"Joola - Training 40+ 120 pcs","míčky Joola Training 40+"
"Joola - Transport","stůl Joola Transport"
"Joola - tréninkové míčky FLIP 72 ks","Míčky Joola FLIP"
"Joola - Trinity","polokošile Joola Trinity"
"Joola - Trinity kšiltovka","čepice Joola Trinity Kšiltovka"
"Joola - Trinity Lady","tričko Joola Trinity Lady"
"Joola - Tronix ACC","potah Joola Tronix ACC"
"Joola - Tronix CMD","potah Joola Tronix CMD"
"Joola - Tronix ZGR","potah Joola Tronix ZGR"
"JOOLA - T-Shirt STRIPES","Triko Joola T-shirt Stripes"
"Joola - TT BAT ROSSKOPF SPECIAL","Pálka Joola Rosskopf Special"
"JOOLA - TT-Buddy Topspin V100","robot Joola Tt-buddy Topspin V100"
"JOOLA - TT-Buddy V200","robot Joola Tt-buddy V200"
"Joola - Turbo cleaner (spray 250ml)","Čistič Joola Turbo Cleaner"
"Joola - Tvrdé pouzdro Backerbag","Pouzdro Joola Backerbag"
"JOOLA - VIRO","tričko Joola VIRO"
"JOOLA - VISION II Dvojité pouzdro","pouzdro Joola Vision II"
"Joola - Vison suitcase","taška Joola Vison Suitcase"
"Joola - Vizon","potah Joola Vizon"
"JOOLA - VYZARYZ FREEZE","dřevo Joola Vyzaryz Freeze"
"JOOLA - VYZARYZ HYBRID","dřevo Joola Vyzaryz Hybrid"
"JOOLA - VYZARYZ TRINITY","dřevo Joola Vyzaryz Trinity"
"Joola - WM","síťka Joola WM"
"Joola - WM Ultra","síťka Joola WM Ultra"
"Joola - World Cup 22","stůl Joola World Cup 22"
"Joola - World Cup 25 S ITTF","stůl Joola World Cup 25 S ITTF"
"Joola - X-glue 1000 ml","Lepidlo Joola X-glue 1000 Ml"
"Joola - X-glue 37ml","Lepidlo Joola X-glue 37ml"
"Joola - X-glue 90ml","Lepidlo Joola X-glue 90ml"
"JOOLA - XYLO 5","dřevo Joola XYLO 5"
"JOOLA - XYLO 7","dřevo Joola XYLO 7"
"Joola - Zack","potah Joola Zack"
"Joola - záchytná síť BUDDY","síť Joola Buddy"
"JOOLA - ZQH Hyper ARY-c 45","dřevo Joola ZQH Hyper Ary-c 45"
"Joola- Perform kalhoty","kalhoty Joola Performance"
"JOOLA Shorts Essential 25 navy XXXS","Kraťasy JOOLA Essential 25"
"JOOLA Shorts Maco 25 navy XXXS","Kraťasy JOOLA Maco 25"
"JOOLA TOURNAMENT***","míčky Joola Tournament***"
"JOOLA VYZARYZ FREEZE HRD","dřevo Joola Vyzaryz Freeze HRD"
"JOOLA-2000-S Pro","stůl Joola 2000-s Pro"
"JOOLA-3000 SC Pro","stůl Joola Joola 3000 SC Pro"
"JOOLA-Allround + Micron","pálka Joola Joola Allround + Micron"
"JOOLA-Avanti","síťka Joola Avanti"
"JOOLA-Beat","pálka Joola Beat"
"JOOLA-CWX","potah Joola Joola CWX"
"JOOLA-Čistič na stůl","Čistič Joola Čistič Na Stůl 16611501"
"JOOLA-Duomat Pro","stůl Joola Duomat Pro"
"JOOLA-Dynaryz ACC","potah Joola Dynaryz ACC"
"JOOLA-Dynaryz AGR","potah Joola Dynaryz AGR"
"JOOLA-Dynaryz CMD","potah Joola Dynaryz CMD"
"JOOLA-Dynaryz Inferno","potah Joola Dynaryz Inferno"
"JOOLA-Dynaryz ZGR","potah Joola Dynaryz ZGR"
"JOOLA-Dynaryz ZGX","potah Joola Dynaryz ZGX"
"JOOLA-Express Ultra","sendvič Joola Express Ultra"
"JOOLA-Flash *** 40+ (3 ks)","míček Joola Flash *** 40+"
"JOOLA-Flash *** 40+ (72 ks)","míček Joola Flash *** 40+"
"JOOLA-Flip 40+ (72 ks)","míček Joola Flip 40+"
"JOOLA-Hard Case","pouzdro Joola Hard Case"
"JOOLA-Chen Defender","dřevo Joola Chen Defender"
"JOOLA-Chen Weixing","dřevo Joola Chen Weixing"
"JOOLA-J Carbon","dřevo Joola J Carbon"
"JOOLA-J Carbon + Vizon","pálka Joola Joola J Carbon + Vizon"
"JOOLA-Koš na ručník","koš Joola Koš Na Ručník 16822308"
"JOOLA-Kufřík Alu","Kufřík Joola Kufřík Alu"
"JOOLA-Kufřík Alu Double","Kufřík Joola Kufřík Alu Double"
"JOOLA-Kufřík Alu Laser","Kufřík Joola Kufřík Alu Laser"
"JOOLA-Lex Green (1000 ml)","lepidlo Joola Lex Green (1000 Ml)"
"JOOLA-Magic ABS 40+ (72 ks)","míčky Joola Magic ABS 40+"
"JOOLA-Maxxx 500","potah Joola Maxxx 500"
"JOOLA-Micron","potah Joola Micron"
"JOOLA-Míček Elephant 55mm (1 ks)","míček Joola Míček Elephant 55mm"
"JOOLA-Nobilis PBO-c","dřevo Joola Nobilis Pbo-c"
"JOOLA-O Allround","dřevo Joola O Allround"
"JOOLA-Obal na stůl","obal na stůl Joola Obal Na Stůl 16822401"
"JOOLA-Offense","dřevo Joola Offense"
"JOOLA-Outdoor Ball (12 ks)","Míčky Joola Outdoor 40+"
"JOOLA-Outdoor Ball (6 ks)","Míčky Joola Outdoor 40+"
"JOOLA-Páska 10 mm/5 m","páska na hranu pálky Joola Páska 10 Mm/5 M"
"JOOLA-Páska Dynaryz 10 mm/5 m","páska Joola Dynaryz"
"JOOLA-Pocket Double","pouzdro Joola Pocket Double"
"JOOLA-Pocket Single","pouzdro Joola Pocket Single"
"JOOLA-Počítadlo Pointer","Počítadla Joola Počítadlo Pointer"
"JOOLA-Počítadlo Result","Počítadla Joola Počítadlo Result"
"JOOLA-Potítko","potítko Joola Potítko 16392501"
"JOOLA-Prime *** 40+ (72 ks)","míček Joola Prime *** 40+"
"JOOLA-Pro Tour","síťka Joola Pro Tour"
"JOOLA-Rhyzen CMD","potah Joola Rhyzen CMD"
"JOOLA-Rhyzen Fire","potah Joola Rhyzen Fire"
"JOOLA-Rhyzen Ice","potah Joola Rhyzen Ice"
"JOOLA-Rhyzen ZGR","potah Joola Rhyzen ZGR"
"JOOLA-Rhyzen ZGX","potah Joola Rhyzen ZGX"
"JOOLA-Rhyzer Pro 50","potah Joola Rhyzer Pro 50"
"JOOLA-Rossi Junior","dřevo Joola Rossi Junior"
"JOOLA-Rosskopf Classic pálka","pálka Joola Rosskopf Classic"
"JOOLA-Rubber Foam Set","Potah Joola Rubber Foam Set"
"JOOLA-Sada na lepení (50ks)","Sada Joola Sada Na Lepení (50ks)"
"JOOLA-Samba","potah Joola Samba"
"JOOLA-SANTORU 3K-c","dřevo Joola Santoru 3k-c"
"JOOLA-Set Colorato","Sada Joola Set Colorato"
"JOOLA-Set Vivid Outdoor","set na stolní tenis Joola Set Vivid Outdoor"
"JOOLA-Shark","potah Joola Shark"
"JOOLA-Síťovina Pro Tour","síťka Joola Síťovina Pro Tour"
"JOOLA-Síťovina s tyčemi","síťka Joola Síťovina S Tyčemi Pro Síťku Joola WM"
"JOOLA-Síťovina Snap","síťka Joola Síťovina Snap"
"JOOLA-Síťovina Spring","síťovina Joola Spring"
"JOOLA-Spinball (12 ks)","Míčky Joola Spinball"
"JOOLA-Stolek pro rozhodčí","stolek Joola Stolek Pro Rozhodčí"
"JOOLA-Tango Ultra","sendvič Joola Tango Ultra"
"JOOLA-Tezzo Guardian","dřevo Joola Tezzo Guardian"
"JOOLA-Tezzo Paladin","dřevo Joola Tezzo Paladin"
"JOOLA-Tezzo Spartan","dřevo Joola Tezzo Spartan"
"JOOLA-Tezzo Warrior","dřevo Joola Tezzo Warrior"
"JOOLA-Training 40+ (144 ks)","míčky Joola Training 40+"
"JOOLA-Tronix ACC","potah Joola Tronix ACC"
"JOOLA-Tronix CMD","potah Joola Tronix CMD"
"JOOLA-Tronix ZGR","potah Joola Tronix ZGR"
"JOOLA-WM","síťka Joola WM"
"JOOLA-WM Ultra","síťka Joola WM Ultra"
"JOOLA-X-Glue Green Power (1000 ml)","Lepidlo Joola X-glue Green Power"
"JOOLA-X-Glue Green Power (37 ml)","Lepidlo Joola Joola-x-glue Green Power"
"JOOLA-X-Glue Green Power (90 ml)","Lepidlo Joola X-glue Green Power (90 Ml)"
"JOOLA-Xylo 7","dřevo Joola Xylo 7"
"JOOLA-Zack","potah Joola Zack"
"Kasumi Basic OFF-","Dřevo NITTAKU Kasumi Basic OFF-"
"Klebefolie Nori Sheet plus","Lepicí fólie NITTAKU Nori Sheet plus"
"Kombo pre najmenších","Pálka Sanwei dřevo YoungJoy + 2x potah Sanwei T88"
"Koš na míčky GEWO","Koš na míčky GEWO"
"krabice na míčky GEWO Grey","Krabice na míčky GEWO Grey"
"Kraťasy Joola Chilax","Kraťasy Joola Chilax"
"Kraťasy SpinWay","Kraťasy SpinWay"
"Kufřík na pálku GEWO Alu-Safe","Kufřík na pálku GEWO Alu-Safe"
"Lakování dřeva","služba Joola Lakování Dřeva"
"Lepidlo ANDRO Turbo Fix Professional 90 g","Lepidlo ANDRO Turbo Fix Professional 90 g"
"Lepidlo DONIC Contact Pro (90 ml)","Lepidlo DONIC Contact Pro (90 ml)"
"Lepidlo DONIC Formula Pro (30 ml)","Lepidlo DONIC Formula Pro (30 ml)"
"Lepidlo GEWO clean Stick 25 g","Lepidlo GEWO clean Stick 25 g"
"Lepidlo GEWO Clean Stick 500 g","Lepidlo GEWO Clean Stick 500 g"
"Lepidlo XIOM I-bond 500 ml","Lepidlo XIOM I-bond 500 ml"
"Magic Carbon","Potah Nittaku Magic Carbon"
"Měrka na síťku ANDRO 100g","Měrka na síťku ANDRO 100 g"
"Měrka na síťku TIBHAR","Měrka na síťku TIBHAR"
"Měrka na síťku TIBHAR se závažím","Měrka na síťku TIBHAR se závažím"
"Míčky BUTTERFLY Bez potisku (1 ks)","Míčky BUTTERFLY Bez potisku (1 ks)"
"Míčky BUTTERFLY Bez potisku (144 ks)","Míčky BUTTERFLY Bez potisku (144 ks)"
"Míčky GEWO AWR Outdoor 40+ 6ks","Míčky GEWO AWR Outdoor 40+ 6ks"
"Míčky GEWO Double Star SLP40+ 72ks","Míčky GEWO Double Star SLP40+ 72ks"
"Míčky GEWO Spinballs 40+ 12ks","Míčky GEWO Spinballs 40+ 12ks"
"Míčky GEWO Sports-Mix 12ks","Míčky GEWO Sports-Mix 12ks"
"Míčky JOOLA Flash *** 40+ 6 ks","Míčky Joola Flash *** 40+"
"Míčky JOOLA Flash *** 40+ 72 ks","Míčky Joola Flash *** 40+"
"Míčky JOOLA Prime *** 6 ks","Míčky Joola Prime ***"
"Míčky JOOLA Prime *** 72 ks","Míčky Joola Prime ***"
"Míčky JOOLA Super *** 3 ks CELULOID","Míčky Joola Super *** 3 Ks Celuloid"
"Míčky na zkoušku-mix krabiček za zvýhodněnou cenu","Míčky na zkoušku-mix krabiček za zvýhodněnou cenu"
"Míčky Tibhar FUN 40-55 mm MIX","Míčky Tibhar FUN 40-55 mm MIX"
"Míčky TIBHAR Outdoor 10 ks","Míčky TIBHAR Outdoor 10 ks"
"Míčky VICTAS VP 40+ *** 12 ks","Míčky VICTAS VP 40+ *** 12 ks"
"Mikina SpinWay","Mikina SpinWay"
"Miyabi OFF","Dřevo NITTAKU Miyabi OFF"
"Mládežnícke kombo","Pálka Sanwei dřevo Accumulator + 2x potah Sanwei T88"
"Moristo SP / kurze offensive Noppe","Potah NITTAKU Moristo SP"
"Narucross GS soft","Potah NITTAKU Narucross GS soft"
"Nášivka","nášivka Joola Joola Nášivka"
"Návratová deska GEWO Pro 2002","Návratová deska GEWO Pro 2002"
"Netz Messlehre","Měrka Nittaku na síťku"
"Nittaku 2-Sterne 40+ Trainingsbälle Plastik","Míčky NIttaku ** 40+"
"Nittaku Abwehr Holz Escuder 2","Dřevo NITTAKU Abwehr Escuder 2"
"Nittaku Acoustic Carbon","Dřevo Nittaku Acoustic Carbon"
"Nittaku Acoustic Carbon G-Revision","Dřevo Nittaku Acoustic Carbon G-Revision"
"Nittaku Acoustic Carbon Inner G-Revision","Dřevo Nittaku Acoustic Carbon Inner G-Revision"
"Nittaku Acoustic Carbon Inner OFF","Dřevo Nittaku Acoustic Carbon Inner OFF"
"Nittaku Acoustic G-Revision","Dřevo Nittaku Acoustic G-Revision"
"Nittaku Acoustic OFF","Dřevo Nittaku Acoustic OFF"
"Nittaku Balltasche Honig Melone","Pouzdro na míčky NITTAKU Strawberry"
"Nittaku Balltasche Wasser Melone","Pouzdro na míčky NITTAKU Watermelon"
"Nittaku Basaltec Outer - Meister Serie","Dřevo Nittaku Basaltec Outer - Meister Serie"
"Nittaku Clean Sponge 2 Reinigungsschwamm Beläge","Houbička NITTAKU na čištění potahů"
"Nittaku DO Knuckle mittellange Noppe außen","Potah Nittaku DO Knuckle"
"Nittaku Factive","Potah Nittaku Factive"
"Nittaku Factive Seven","Dřevo Nittaku Factive Seven"
"Nittaku Fastarc C-1","Potah Nittaku Fastarc C-1"
"Nittaku Fastarc G-1","Potah Nittaku Fastarc G-1"
"Nittaku Fastarc S-1","Potah Nittaku Fastarc S-1"
"Nittaku Griffband","Omotávka Nittaku"
"Nittaku GYO-EN","Dřevo Nittaku GYO-EN"
"Nittaku Hammond Power","Potah Nittaku Hammond Power"
"Nittaku Hammond Z2","Potah Nittaku Hammond Z2"
"Nittaku Handtuch Wave","Ručník NITTAKU Wave"
"Nittaku Hina Hayata H2","Dřevo Nittaku Hina Hayata H2"
"Nittaku Hurricane 2","Potah Nittaku Hurricane 2¨"
"Nittaku Hurricane 3 Pro Turbo Blue Sponge","Potah Nittaku Hurricane 3 Pro Turbo Blue Sponge"
"Nittaku Hurricane 8-80","Potah Nittaku Hurricane 8-80"
"Nittaku Hurricane Pro 3 Turbo Orange","Potah Nittaku Hurricane Pro 3 Turbo Orange"
"Nittaku J-Top Trainingsball 120 Stück","Míčky Nittaku J-Top tréninkové 120 ks"
"Nittaku Kantenband Tischtennis","Páska na pálku Nittaku"
"Nittaku Kasumi Special","Dřevo Nittaku Kasumi Special"
"Nittaku Kunstleder Schlägertasche Hardcase Poromeric Case für 2 Schläger","Pouzdro Nittaku Hardcase Poromeric na 2 pálky"
"Nittaku Manys Balltasche","Taška Nittaku Manys na míčky"
"Nittaku Meister Serie Basaltec Inner","Dřevo Nittaku Meister Serie Basaltec Inner"
"Nittaku Mima Ito Carbon","Dřevo Nittaku Mima Ito Carbon"
"Nittaku Moristo LP ONE","Potah Nittaku Moristo LP ONE"
"Nittaku Moristo SP AX / kurze offensive Noppe","Potah Nittaku Moristo SP AX"
"Nittaku Nordlinger AC","Dřevo Nittaku Nordlinger AC"
"Nittaku Nordlinger DY","Dřevo Nittaku Nordlinger DY"
"Nittaku Premium 3 Sterne 40+ Cell Free Ball","Míčky Nittaku Premium 40+ ***"
"Nittaku Schlägerhülle COLOR für 2 Hölzer","Pouzdro Nittaku na 2 pálky"
"Nittaku Sieger PK50","Potah Nittaku Sieger PK50"
"Nittaku SO-TEN","Dřevo Nittaku SO-TEN"
"Nittaku Sport Socke Bolan","Ponožky Nittaku Bolan"
"Nittaku Sport Socke Fitmatch","Ponožky Nittaku Fitmatch"
"Nittaku Sporttasche Tanto Tour","Taška Nittaku Tanto Tour"
"Nittaku S-Serie Holz S-5","Dřevo Nittaku S-Serie S-5"
"Nittaku S-Serie Holz S-7","Dřevo Nittaku S-Serie S-7"
"Nittaku S-Serie Holz S-CZ","Dřevo Nittaku S-Serie S-CZ"
"Nittaku S-Serie Holz S-KC","Dřevo Nittaku S-Serie S-KC"
"Nittaku SUPER DO Knuckle mittellange Noppe","Potah Nittaku SUPER DO Knuckle"
"Nittaku Tischtennis Belag - Schutz Hülle","Obal na potah Nittaku Schutz Hülle"
"Nittaku Tischtennis Belag Schutz Folie","Ochranná fólie Nittaku Schutz"
"Nittaku Tischtennis Belag Schutz Folie Adhesive Rubber Protect","Ochranná fólie Nittaku Adhesive"
"Nittaku Tischtennis Kantenband Super Shock Guard","Páska na pálku Nittaku Super Shock Guard"
"Nittaku Violin Carbon","Dřevo Nittaku Violin Carbon"
"Nittaku Violin OFF-","Dřevo Nittaku Violin OFF-"
"Nittaku Violoncello DEF","Dřevo Nittaku Violoncello DEF"
"Nodias","Potah Nittaku Nodias"
"Nůžky na potahy ANDRO","Nůžky na potahy ANDRO"
"Nůžky na potahy GEWO","Nůžky na potahy GEWO"
"Obal na loptičky Sanwei","Obal na míčky Sanwei"
"Obal na raketu Sanwei","Obal na raketu Sanwei"
"Obal na raketu SpinWay","Obal na raketu SpinWay"
"Obranné kombo","Pálka SpinWay Dřevo Argentum + Palio AK47 + Sanwei Code"
"Odrážacia doska s poťahmi Sanwei","Odrazová deska s potahy Sanwei"
"Ochranná fólie GEWO bez lepicího povrchu","Ochranná fólie GEWO bez lepicího povrchu"
"Ochranná fólie GEWO s lepicím povrchem","Ochranná fólie GEWO s lepicím povrchem"
"On-line katalog novinek v textilu 2025/26","On-line katalog novinek v textilu 2025/26"
"On-line katalog Schoeler-Micke 2023/24 Tabulky","On-line katalog Schoeler-Micke 2023/24 Tabulky"
"On-line katalog Schoeler-Micke 2025/26 Tabulky","On-line katalog Schoeler-Micke 2025/26 Tabulky"
"Orezávač poťahov Sanwei","Ořezávač potahů Sanwei"
"Pas stolného tenistu SpinWay","Průkaz stolního tenisty SpinWay"
"Páska Joola na hranu pálky 2020 5m","Páska Joola na Hranu Pálky 2020 5m"
"Páska na pálku GEWO Nexxus","Páska na pálku GEWO Nexxus"
"Páska na raketu Sanwei 1 meter","Páska na raketu Sanwei 1 metr"
"Plastové počítadlo Sanwei","Plastové počítadlo Sanwei"
"Polokošeľa Joola Centrela","tričko Joola Centrela"
"Polokošeľa Joola Polo Team 25","tričko Joola Polo Team 25"
"Polokošeľa Joola Zephir","tričko Joola Zephir"
"Polokošeľa SpinWay modrá","Polokošile SpinWay"
"Potah ANDRO Bype","Potah ANDRO Bype"
"Potah ANDRO Bype SFX","Potah ANDRO Bype SFX"
"Potah ANDRO Nuzn 48","Potah ANDRO Nuzn 48"
"Potah ANDRO Nuzn 50","Potah ANDRO Nuzn 50"
"Potah ANDRO Nuzn 55","Potah ANDRO Nuzn 55"
"Potah DONIC Bluestar A3","Potah DONIC Bluestar A3"
"Potah DONIC Piranja CD","Potah DONIC Piranja CD"
"Potah Dr. NEUBAUER A.B.S 3 PRO","Potah Dr. NEUBAUER A.B.S 3 PRO"
"Potah Dr. NEUBAUER Dominance SPEED","Potah Dr. NEUBAUER Dominance SPEED"
"Potah Dr. NEUBAUER Trouble Maker RELOADED","Potah Dr. NEUBAUER Trouble Maker RELOADED"
"Potah GEWO Codexx EF Pro 54","Potah GEWO Codexx EF Pro 54"
"Potah GEWO Codexx Pro 53 SuperSelect","Potah GEWO Codexx Pro 53 SuperSelect"
"Potah GEWO Codexx Pro 55 SuperSelect","Potah GEWO Codexx Pro 55 SuperSelect"
"Potah GEWO Elaxxon eFT 45.0","Potah GEWO Elaxxon eFT 45.0"
"Potah GEWO Elaxxon eFT 50.0","Potah GEWO Elaxxon eFT 50.0"
"Potah GEWO Inventus XT Pro 47.5","Potah GEWO Inventus XT Pro 47.5"
"Potah GEWO Inventus XT Pro 50.0","Potah GEWO Inventus XT Pro 50.0"
"Potah GEWO Inventus XT Pro 52.5","Potah GEWO Inventus XT Pro 52.5"
"Potah GEWO Mega Flex Control","Potah GEWO Mega Flex Control"
"Potah GEWO Nano S/Speed Control","Potah GEWO Nano S/Speed Control"
"Potah GEWO Neoflexx eFT","Potah GEWO Neoflexx eFT"
"Potah GEWO Nexxus EL Pro 50 SuperSelect","Potah GEWO Nexxus EL Pro 50 SuperSelect"
"Potah GEWO Target airTEC FX","Potah GEWO Target airTEC FX"
"Potah GEWO Thunderball 2","Potah GEWO Thunderball 2"
"Potah HALLMARK Clutter-LP","Potah HALLMARK Clutter-LP"
"Potah HALLMARK Confusion-LP","Potah HALLMARK Confusion-LP"
"Potah HALLMARK Destroyer","Potah HALLMARK Destroyer"
"Potah HALLMARK Friction Special","Potah HALLMARK Friction Special"
"Potah HALLMARK Illusion-SP","Potah HALLMARK Illusion-SP"
"Potah HALLMARK Mega Spin Control","Potah HALLMARK Mega Spin Control"
"Potah HALLMARK Tactics LP","Potah HALLMARK Tactics LP"
"Poťah Joola CWX","Potah Joola Joola CWX"
"Poťah Joola Dynaryz ACC","Potah Joola Dynaryz ACC"
"Poťah Joola Dynaryz AGR","Potah Joola Dynaryz AGR"
"Poťah Joola Dynaryz CMD","Potah Joola Dynaryz CMD"
"Poťah Joola Dynaryz Inferno","Potah Joola Dynaryz Inferno"
"Poťah Joola Dynaryz ZGR","Potah Joola Dynaryz ZGR"
"Poťah Joola Dynaryz ZGX","Potah Joola Dynaryz ZGX"
"Poťah Joola Express Ultra","Potah Joola Express Ultra"
"Poťah Joola Micron","Potah Joola Micron"
"Poťah Joola Rhyzen CMD","Potah Joola Rhyzen CMD"
"Poťah Joola Rhyzen Fire","Potah Joola Rhyzen Fire"
"Poťah Joola Rhyzen Ice","Potah Joola Rhyzen Ice"
"Poťah Joola Rhyzen ZGX","Potah Joola Rhyzen ZGX"
"Poťah Joola Samba","Potah Joola Samba"
"Poťah Joola Tango Ultra","Potah Joola Tango Ultra"
"Potah Joola Tronix ACC","Potah Joola Tronix ACC"
"Poťah Joola Tronix ACC","Potah Joola Tronix ACC"
"Potah Joola Tronix CMD","Potah Joola Tronix CMD"
"Poťah Joola Tronix CMD","Potah Joola Tronix CMD"
"Potah Joola Tronix ZGR","Potah Joola Tronix ZGR"
"Poťah Joola Tronix ZGR","Potah Joola Tronix ZGR"
"Poťah Joola Vizon","Potah Joola Vizon"
"Poťah Joola Zack","Potah Joola Zack"
"Potah na Ohrádku GEWO Stabilo Double 90cm","Potah na Ohrádku GEWO Stabilo Double 90cm"
"Poťah Sanwei Code","Potah Sanwei Code"
"Poťah Sanwei Dizzy OX","Potah Sanwei Dizzy OX"
"Poťah Sanwei Europe Target 40+","Potah Sanwei Europe Target 40+"
"Poťah Sanwei Europe Target 40+ FX","Potah Sanwei Europe Target 40+ FX"
"Poťah Sanwei Gear Hyper","Potah Sanwei Gear Hyper"
"Poťah Sanwei Ghost","Potah Sanwei Ghost"
"Poťah Sanwei Target 3rd Edition","Potah Sanwei Target 3rd Edition"
"Poťah Sanwei Target National","Potah Sanwei Target National"
"Poťah Sanwei Ultra Spin","Potah Sanwei Ultra Spin"
"Potah STIGA DNA Dragon Power 52,5","Potah STIGA DNA Dragon Power 52,5"
"Potah STIGA DNA Dragon Power 55","Potah STIGA DNA Dragon Power 55"
"Potah STIGA DNA Dragon Power 57,5","Potah STIGA DNA Dragon Power 57,5"
"Potah STIGA ECO Future M","Potah STIGA ECO Future M"
"Potah STIGA Neos Tacky","Potah STIGA Neos Tacky"
"Potah TIBHAR Hybrid K3 FX","Potah TIBHAR Hybrid K3 FX"
"Potah TIBHAR Hybrid K3 PRO","Potah TIBHAR Hybrid K3 PRO"
"Potah TIBHAR Hybrid MK FX","Potah TIBHAR Hybrid MK FX"
"Potah TIBHAR Hybrid MK PRO","Potah TIBHAR Hybrid MK PRO"
"Potah VICTAS Swat Spin","Potah VICTAS Swat Spin"
"Potah VICTAS V > 15 Sticky Soft","Potah VICTAS V > 15 Sticky Soft"
"Potah VICTAS V > 20 Extra","Potah VICTAS V > 20 Extra"
"Potah XIOM Jekyll & Hyde C52,5","Potah XIOM Jekyll & Hyde C52,5"
"Potah XIOM Jekyll & Hyde C52.5","Potah XIOM Jekyll & Hyde C52,5"
"Potah XIOM Jekyll & Hyde C55","Potah XIOM Jekyll & Hyde C55"
"Potah XIOM Jekyll & Hyde C57,5","Potah XIOM Jekyll & Hyde C57,5"
"Potah XIOM Jekyll & Hyde C57.5","Potah XIOM Jekyll & Hyde C57,5"
"Potah XIOM Omega 8 EU","Potah XIOM Omega 8 EU"
"Potah XIOM Omega 8 Hybrid","Potah XIOM Omega 8 Hybrid"
"Potah XIOM Vega Asia H","Potah XIOM Vega Asia H"
"Potah XIOM Vega EU H","Potah XIOM Vega EU H"
"Potah XIOM Vega Korea","Potah XIOM Vega Korea"
"Potah XIOM Vega PRO H","Potah XIOM Vega PRO H"
"Pouzdro ANDRO Crory Basic","Pouzdro ANDRO Crory Basic"
"Pouzdro ANDRO Crory Double","Pouzdro ANDRO Crory Double"
"Pouzdro ANDRO Crory Hardcase","Pouzdro ANDRO Crory Hardcase"
"Pouzdro ANDRO Crory Single","Pouzdro ANDRO Crory Single"
"Pouzdro ANDRO Hardcase","Pouzdro ANDRO Hardcase"
"Pouzdro ANDRO Moriva Basic","Pouzdro ANDRO Moriva Basic"
"Pouzdro ANDRO Moriva Double","Pouzdro ANDRO Moriva Double"
"Pouzdro ANDRO Moriva Double 2025","Pouzdro ANDRO Moriva Double 2025"
"Pouzdro ANDRO Moriva Single","Pouzdro ANDRO Moriva Single"
"Pouzdro BUTTERFLY BD Case II","Pouzdro BUTTERFLY BD Case II"
"Pouzdro BUTTERFLY Kanoy Double","Pouzdro BUTTERFLY Kanoy Double"
"Pouzdro BUTTERFLY Kanoy Single","Pouzdro BUTTERFLY Kanoy Single"
"Pouzdro BUTTERFLY Kashiwa Double","Pouzdro BUTTERFLY Kashiwa Double"
"Pouzdro BUTTERFLY Kashiwa na 1 pálku","Pouzdro BUTTERFLY Kashiwa na 1 pálku"
"Pouzdro BUTTERFLY Kashiwa na 2 pálky","Pouzdro BUTTERFLY Kashiwa na 2 pálky"
"Pouzdro BUTTERFLY Kashiwa Single","Pouzdro BUTTERFLY Kashiwa Single"
"Pouzdro BUTTERFLY Kitami Double","Pouzdro BUTTERFLY Kitami Double"
"Pouzdro BUTTERFLY Kitami na 1 pálku","Pouzdro BUTTERFLY Kitami na 1 pálku"
"Pouzdro BUTTERFLY Kitami na 2 pálky","Pouzdro BUTTERFLY Kitami na 2 pálky"
"Pouzdro BUTTERFLY Kitami Single","Pouzdro BUTTERFLY Kitami Single"
"Pouzdro DONIC Comp","Pouzdro DONIC Comp"
"Pouzdro DONIC Ginger","Pouzdro DONIC Ginger"
"Pouzdro DONIC Rooster","Pouzdro DONIC Rooster"
"Pouzdro GEWO Double Nova","Pouzdro GEWO Double Nova"
"Pouzdro GEWO Graffiti 1","Pouzdro GEWO Graffiti 1"
"Pouzdro GEWO Graffiti 2","Pouzdro GEWO Graffiti 2"
"Pouzdro GEWO Graffiti 3","Pouzdro GEWO Graffiti 3"
"Pouzdro GEWO Master","Pouzdro GEWO Master"
"Pouzdro GEWO Master s kapsou na míčky","Pouzdro GEWO Master s kapsou na míčky"
"Pouzdro GEWO Nexxus","Pouzdro GEWO Nexxus"
"Pouzdro GEWO Round Nova","Pouzdro GEWO Round Nova"
"Pouzdro GEWO Round Nova s přihrádkou na míček","Pouzdro GEWO Round Nova s přihrádkou na míček"
"Pouzdro GEWO Single Nova","Pouzdro GEWO Single Nova"
"Pouzdro GEWO Single Spy","Pouzdro GEWO Single Spy"
"Pouzdro GEWO Spy","Pouzdro GEWO Spy"
"Pouzdro GEWO Stripes","Pouzdro GEWO Stripes"
"Pouzdro GEWO Wave","Pouzdro GEWO Wave"
"Pouzdro GEWO Wave s kapsou na míčky","Pouzdro GEWO Wave s kapsou na míčky"
"Pouzdro Joola na míčky","Pouzdro Joola na Míčky"
"Pouzdro Joola na míčky 15 ks","Pouzdro Joola na Míčky 15 ks"
"Pouzdro Joola Tvrdé Backerbag","Pouzdro Joola Tvrdé Backerbag"
"Pouzdro na 1 pálku GEWO Black-X","Pouzdro na 1 pálku GEWO Black-X"
"Pouzdro na 1 pálku GEWO Master","Pouzdro na 1 pálku GEWO Master"
"Pouzdro na 1 pálku GEWO Stripes","Pouzdro na 1 pálku GEWO Stripes"
"Pouzdro na 1 pálku GEWO Wave","Pouzdro na 1 pálku GEWO Wave"
"Pouzdro na 1 pálku HALLMARK Classic","Pouzdro na 1 pálku HALLMARK Classic"
"Pouzdro na 1 pálku kulaté HALLMARK Classic","Pouzdro na 1 pálku kulaté HALLMARK Classic"
"Pouzdro na 2 pálky GEWO Master","Pouzdro na 2 pálky GEWO Master"
"Pouzdro na 2 pálky GEWO Nexxus","Pouzdro na 2 pálky GEWO Nexxus"
"Pouzdro na 2 pálky GEWO Rocket","Pouzdro na 2 pálky GEWO Rocket"
"Pouzdro na 2 pálky GEWO Spy","Pouzdro na 2 pálky GEWO Spy"
"Pouzdro na 2 pálky GEWO Stripes","Pouzdro na 2 pálky GEWO Stripes"
"Pouzdro na 2 pálky GEWO Wave","Pouzdro na 2 pálky GEWO Wave"
"Pouzdro na 2 pálky HALLMARK Classic","Pouzdro na 2 pálky HALLMARK Classic"
"Pouzdro na boty ANDRO Moriva","Pouzdro na boty ANDRO Moriva"
"Pouzdro na boty TIBHAR Metro","Pouzdro na boty TIBHAR Metro"
"Pouzdro na boty VICTAS 430","Pouzdro na boty VICTAS 430"
"Pouzdro na míčky TIBHAR (4)","Pouzdro na míčky TIBHAR (4)"
"Pouzdro na míčky TIBHAR Hexa (3)","Pouzdro na míčky TIBHAR Hexa (3)"
"Pouzdro na míčky TIBHAR s celuloidovými míčky (4)","Pouzdro na míčky TIBHAR s celuloidovými míčky (4)"
"Pouzdro na míčky XIOM 22 XBC","Pouzdro na míčky XIOM 22 XBC"
"Pouzdro STIGA Cybercase","Pouzdro STIGA Cybercase"
"Pouzdro TIBHAR Carbon Square","Pouzdro TIBHAR Carbon Square"
"Pouzdro TIBHAR Etna Double","Pouzdro TIBHAR Etna Double"
"Pouzdro TIBHAR Etna Round s kapsou na míčky","Pouzdro TIBHAR Etna Round s kapsou na míčky"
"Pouzdro TIBHAR Etna Single","Pouzdro TIBHAR Etna Single"
"Pouzdro TIBHAR Hexa Round","Pouzdro TIBHAR Hexa Round"
"Pouzdro TIBHAR Hexa Square","Pouzdro TIBHAR Hexa Square"
"Pouzdro TIBHAR Mesh Double","Pouzdro TIBHAR Mesh Double"
"Pouzdro TIBHAR Mesh Single","Pouzdro TIBHAR Mesh Single"
"Pouzdro VICTAS 428","Pouzdro VICTAS 428"
"Pouzdro VICTAS 429 Round","Pouzdro VICTAS 429 Round"
"Pouzdro XIOM Penta Double","Pouzdro XIOM Penta Double"
"Pouzdro XIOM Penta Single","Pouzdro XIOM Penta Single"
"Pouzdro XIOM Russo 2 Hexa","Pouzdro XIOM Russo 2 Hexa"
"Pouzdro XIOM Russo 2 Square","Pouzdro XIOM Russo 2 Square"
"Rám ohrádky GEWO Smart/Basic 73cm 5ks","Rám ohrádky GEWO Smart/Basic 73cm 5ks"
"Reiniger Clean Mist","Čistič Nittaku Clean Mist"
"Reinigungsschwamm Carespo","Houbička Nittaku Carespo"
"Řezač potahů GEWO","Řezač potahů GEWO"
"Sada pro rozhodčí GEWO","Sada pro rozhodčí GEWO"
"Sada pro rozhodčí v pouzdře TIBHAR","Sada pro rozhodčí v pouzdře TIBHAR"
"Sanalion D DEF","Dřevo Nittaku Sanalion D DEF"
"Sanalion S ALL","Dřevo Nittaku Sanalion S ALL"
"Sběrač míčků GEWO","Sběrač míčků GEWO"
"Sběrač míčků GEWO Pick-Up","Sběrač míčků GEWO Pick-Up"
"Shake Defence","Dřevo Nittaku Shake Defence"
"Schlägerhülle COLOR LOGO CASE FULL","Obal Nittaku COLOR LOGO CASE FULL"
"Schweißband","Potítko Nittaku"
"Side Balancer Ausgleichgewicht","Vyvažovací páska Nittaku Side Balancer"
"Síť k robotu GEWO Pro Training","Síť k robotu GEWO Pro Training"
"Síťovina BUTTERFLY bez tyčí","Síťovina BUTTERFLY bez tyčí"
"Síťovina BUTTERFLY s tyčemi","Síťovina BUTTERFLY s tyčemi"
"Síťovina DONIC","Síťovina DONIC"
"Síťovina STIGA Premium","Síťovina STIGA Premium"
"SOULSPIN CONNECT","Lepidlo SOULSPIN CONNECT"
"SOULSPIN CONNECT + dickflüssiger Belagkleber","Lepidlo SOULSPIN CONNECT + "
"Spin-Coach GEWO","Spin-Coach GEWO"
"Stolnotenisový robot Sanwei TTR007","Stolní tenisový robot Sanwei TTR007"
"Stůl GEWO Bundesliga SC","Stůl GEWO Bundesliga SC"
"Špongia na poťah Sanwei","Houbička na potah Sanwei"
"Športová sukňa SpinWay","Sportovní sukně SpinWay"
"Športové legíny SpinWay čierne","Sportovní legíny SpinWay"
"Športové legíny SpinWay modré","Sportovní legíny SpinWay"
"Športové ponožky SpinWay dlhé","Sportovní ponožky SpinWay dlouhé"
"Športové ponožky SpinWay krátke","Sportovní ponožky SpinWay krátké"
"Taška BUTTERFLY na robota Amicus","Taška BUTTERFLY na robota Amicus"
"Taška DONIC na robota Robopong","Taška DONIC na robota Robopong"
"Taška na boty BUTTERFLY","Taška na boty BUTTERFLY"
"Taška na boty DONIC","Taška na boty DONIC"
"Taška na míčky ANDRO Munro","Taška na míčky ANDRO Munro"
"Taška na robot GEWO černá","Taška na robot GEWO černá"
"Taška na stolný tenis malá","Taška SpinWay na stolní tenis malá"
"Taška na stolný tenis stredná","Taška SpinWay na stolní tenis střední"
"Taška na stolný tenis veľká","Taška SpinWay na stolní tenis velká"
"Taška STIGA na míčky 1944","Taška na míčky STIGA 1944"
"Tenisky SpinWay Sport červené","Tenisky SpinWay Sport"
"Tenisky SpinWay Sport modré","Tenisky SpinWay Sport"
"Tischtennis Shirt DOT","Triko Nittaku DOT"
"Tischtennis Shirt DRY","Triko Nittaku DRY"
"Tischtennis Schläger Hülle Paint Full","Obal Nittaku Paint Full"
"Tischtennis Schlägerhülle Nittaku Puro Case","Obal Nittaku Puro Case"
"Tischtennis Trainings Trikot Degital","Tréninkové triko Nittaku Degital"
"Tischtennis Trikot BRIGHTNEON unisex","Triko Nittaku BRIGHTNEON unisex"
"Tischtennis Trikot SKYTRICK unisex","Triko Nittaku SKYTRICK unisex"
"Trainingshose Shorts RUMISTAR","Tréninkové šortky Nittaku RUMISTAR"
"Transportní vozík GEWO by SYPRO® pro 20 ohrádek","Transportní vozík GEWO by SYPRO® pro 20 ohrádek"
"Transportní vozík GEWO by SYPRO® pro 48 ohrádek","Transportní vozík GEWO by SYPRO® pro 48 ohrádek"
"Tréningové lopty SpinWay 6 ks","Tréninkové míčky SpinWay 6 ks"
"Tréningové lopty SpinWay 60 ks","Tréninkové míčky SpinWay 60 ks"
"Tréningové tričko SpinWay","Tréninkové tričko SpinWay"
"Tréningové tričko SpinWay dámske","Tréninkové tričko SpinWay dámské"
"Tréninkové míčky GEWO *** 40+ 12ks","Tréninkové míčky GEWO *** 40+ 12ks"
"Tréninkové míčky GEWO *** 40+ 6ks","Tréninkové míčky GEWO *** 40+ 6ks"
"TSUBU Care Belagbürste","TSUBU Care Belagbürste"
"Ultra útočné kombo","Pálka SpinWay Titanium ZLC + Potahy Sanwei Gear Hyper + Sanwei Gear Hyper"
"Univerzálne kombo","Pálka SpinWay Ferrum + Potahy 2x Palio AK47"
"Uterák SpinWay","Ručník SpinWay"
"Útočné kombo","Pálka SpinWay Platinum + Potahy 2x Palio AK47"
"Váleček GEWO/Box na míčky","Váleček GEWO/Box na míčky"
"Vesta Joola Eylon","Vesta Joola Eylon"
"Vložky do bot BUTTERFLY","Vložky do bot BUTTERFLY"
"Voľnočasové tričko SpinWay","Volnočasové tričko SpinWay"
"Wallest / lange Noppe","Potah Nittaku Wallest"
"Wallest one / lange Noppe","Potah Nittaku Wallest One"
"Začiatočnícke kombo","Pálka SpinWay Cuprum + Potahy 2x Palio AK47"
"Záchytná síť BUTTERFLY na míčky","Záchytná síť BUTTERFLY na míčky"
"Záchytná síť Joola BUDDY","Záchytná síť Joola Buddy"
"Záchytná síť TIBHAR 2019","Záchytná síť TIBHAR 2019"
"Zip-Sponge","Houbička Nittaku Zip-Sponge"
"Balíček Ohrádka ANDRO Stabilo 233 x 90 cm 2 ks","Balíček ohrádek Andro Stabilo 2ks"
"Balíček SAUER&TRÖGER Banana + Monkey","Potah Sauer&troeger Monkey"
"Balíček SAUER&TRÖGER Banana + Monkey + Secret Flow","Potah Sauer&troeger Banana + Monkey + Secret Flow"
"Balíček SAUER&TRÖGER Unicorn + Hellfire + Secret Flow","Potah Sauer&troeger Unicorn + Hellfire X + Secret Flow"
"Balíček SAUER&TRÖGER Unicorn + Hellfire X","Potah Sauer&troeger Unicorn + Hellfire X"
"Batoh ANDRO Moriva","Batoh Andro Moriva"
"Batoh na kolečkách TIBHAR Etna","Batoh Tibhar Etna na kolečkách"
"Batoh TIBHAR Hong Kong","Batoh Tibhar Hong Kong"
"Batoh TIBHAR Jakarta","Batoh Tibhar Jakarta"
"Batoh TIBHAR Macao","Batoh Tibhar Macao"
"Batoh TIBHAR Shanghai","Batoh Tibhar Shanghai"
"Batoh VICTAS 425","Batoh Victas 425"
"Batoh VICTAS 427","Batoh Victas 427"
"Batoh VICTAS 431","Batoh Victas 431"
"Boty ADIDAS Tanglin CC","Boty Adidas Tanglin CC"
"Boty ANDRO Cross Step 2 black/red","Boty Andro Cross Step 2"
"Boty ANDRO Cross Step 2 blue","Boty Andro Cross Step 2"
"Boty ANDRO Cross Step 2 green","Boty Andro Cross Step 2"
"Boty ANDRO Cross Step PRO","Boty Andro PRO"
"Boty ANDRO Shuffle Step 2 2024 blue","Boty Andro Shuffle Step 2 2024"
"Boty ANDRO Shuffle Step 2 blue","Boty Andro Shuffle Step 2"
"Boty ANDRO Shuffle Step 2 red","Boty Andro Shuffle Step 2"
"Boty DHS TS 01","Boty DHS na stolní tenis"
"Boty DHS TS 02","Boty DHS na stolní tenis"
"Boty DHS TS 03","Boty DHS na stolní tenis"
"Boty TIBHAR Exclusive","Boty Tibhar Exclusive"
"Boty VICTAS 613","Boty Victas 613"
"Boty VICTAS Tri-Force V","Boty Victas Tri-Force V"
"Boty XIOM FT Igre","Boty Xiom FT Igre"
"Hotpants BUTTERFLY Luna","Kraťasy Butterfly Luna"
"Houbička ANDRO bavlna/micro","Houbička Andro Bavlna/micro"
"Houbička TIBHAR Jelenice","Houbička Tibhar Jelenicová"
"Houbička VICTAS","Houbička Victas Na Čištění Potahů"
"Houbička XIOM RCS1","Houbička Xiom RCS1"
"Kbelík na míčky BUTTERFLY","Míčky Butterfly Na Míčky¨"
"Kufřík ANDRO Alu Black Star Double","Kufřík Andro Alu Black Star Double"
"Kufřík TIBHAR  Alum Cube Point","Kufřík Tibhar Alum Cube Point"
"Kufřík TIBHAR Alum Cube Point Double","Kufřík Tibhar Alum Cube Point Double"
"Kufřík TIBHAR Alum Cube Premium II","Kufřík Tibhar Alum Cube Premium II"
"Lak na prkno ANDRO Free 25g","Lak na dřevo Andro Free 25g"
"Lepení potahů s povinností platby objednávky předem","Služba lepení potahů Andro PRO"
"Lepidlo ANDRO PRO GLU 100 ml","Lepidlo Andro Pro Glu"
"Lepidlo ANDRO PRO GLU 30 ml","lepidlo Andro PRO GLU 30 Ml"
"Lepidlo ANDRO Turbo Fix 250 ml/25 houbiček","Lepidlo Andro Turbo Fix"
"Lepidlo ANDRO Turbo Fix 50 ml/10 houbiček","Lepidlo Andro Turbo Fix"
"Lepidlo ANDRO Turbo Fix 90 ml/15 houbiček","Lepidlo Andro Turbo Fix"
"Lepidlo TIBHAR Power Clue 100 ml","Lepidlo Tibhar Power Clue 100 Ml"
"Lepidlo TIBHAR Power Clue 250 ml","Lepidlo Tibhar Power Clue 250 Ml"
"Lepidlo VICTAS Bio Fix 37 ml","Lepidlo Victas Bio Fix 37 Ml"
"Lepidlo VICTAS Bio Fix 500 ml","Lepidlo Victas Bio Fix 500 Ml"
"Lepidlo VICTAS Bio Fix 90 ml","Lepidlo Victas Bio Fix 90 Ml"
"Lepidlo VULKAN Champion Repeat 1 l","Lepidlo Vulkan Champion Repeat 1 L"
"Lepidlo XIOM Energy 200 ml","Lepidlo Xiom Energy 200 Ml"
"Lepidlo XIOM Energy 50 ml","Lepidlo Xiom Energy 50 Ml"
"Lepící fólie ANDRO Free Stick","Potah Andro PRO"
"Láhev na pití ANDRO Alpha","Láhev Andro Alpha"
"Láhev na pití TIBHAR FLEX","Láhev Tibhar Flex"
"MIDIprkno TIBHAR","Dřevo Tibhar Midiprkno"
"Mikina TIBHAR Mundo/World","Mikina Tibhar Mundo/world"
"Mikina TIBHAR World KIDS","Mikina Tibhar World KIDS"
"MINIprkno TIBHAR","Dřevo Tibhar Miniprkno"
"Míčky ANDRO Poly 2S ** 40+ 72 ks","Míčky Andro Poly 2S ** 40+ 72 Ks"
"Míčky ANDRO Poly 2S ** 40+ 9 ks","Míčky Andro Poly 2S ** 40+ 9 Ks"
"Míčky ANDRO Speedball 3S *** 40+ 3 ks","Míčky Andro PRO"
"Míčky ANDRO Speedball 3S *** 40+ 72 ks","Míčky Andro PRO"
"Míčky ANDRO Speedball 3S *** 40+ 9 ks","Míčky Andro PRO"
"Míčky ANDRO Zero T*** 3 ks","Míčky Andro Zero T*** 3 Ks"
"Míčky ANDRO Zero T*** 72 ks","Míčky Andro Zero T*** 72 Ks"
"Míčky DHS ** 6 ks","Míčky DHS ** 6 Ks"
"Míčky NITTAKU Super-Select-Quality *** 3 ks CELULOID","Míčky Nittaku Super-select-quality *** 3 Ks Celuloid"
"Míčky TIBHAR SL *** 40+ 3 ks","Míčky Tibhar Basic"
"Míčky TIBHAR SL *** 40+ 72 ks","Míčky Tibhar Basic"
"Míčky TIBHAR SL Basic 40+ 6 ks","Míčky Tibhar SL Basic 40+ 6 Ks"
"Míčky TIBHAR SL Basic 40+ 72 ks","Míčky Tibhar SL Basic 40+ 72 Ks"
"Míčky TIBHAR Syntt * NG 40+ 72 ks","Míčky Tibhar Syntt * NG 40+ 72 Ks"
"Míčky TIBHAR Syntt *** NG 40+ 72 ks","Míčky Tibhar Basic"
"Míčky TIBHAR Syntt *** NG WTT 40+ 3 ks","Míčky Tibhar Syntt *** NG WTT 40+ 3 Ks"
"Míčky TIBHAR Syntt Basic 40+ 144 ks","Míčky Tibhar Basic"
"Míčky TIBHAR Syntt Basic 40+ 6 ks","Míčky Tibhar Basic"
"Míčky TIBHAR Syntt Basic 40+ 72 ks","Míčky Tibhar Basic"
"Míčky VICTAS VP 40+ *** 3 ks","Míčky Victas ABS"
"Míčky VICTAS VP 40+ *** 60 ks","Míčky Victas ABS"
"Míčky VICTAS VP 40+ Training 60 ks","Míčky Victas VP 40+ Training 60 Ks"
"Míčky XIOM Bravo *** 40+ 6 ks","Míčky Xiom ABS"
"Míčky XIOM V ABS *** 40+ 6 ks","Míčky Xiom ABS"
"Míčky XIOM XTR Training ** 40+ 100 ks","Míčky Xiom XTR Training ** 40+ 100 Ks"
