"KEY","VALUE"
"","FS Stolní Tenista 24"
"10 x Ersatzkettchen ""Kugel""","k síťce náhradní 10ks"
"2er Set GEWO Tisch Europa 25 + 2 Netze   blau","Europa 25 + 2 síťky"
"2er Set GEWO Tisch Gewomatic SC 25 blau + 2 Netze","Gewomatic SC 25 + 2 síťky"
"3er Set GEWO Headband / Stirnband","Headband"
"Andro - Blowfish","Blowfish"
"Andro - Blowfish +","Blowfish +"
"Best Anti","Best Anti"
"Entscheidungsmünze","rozhodovací"
"Express / mittellange offensive Noppe","EXPRESS"
"GEWO Set of 2 SC25 Premium Table + 2 Nets green","FS Stolní Tenista 24"
"Nittaku Acoustic Carbon Inner OFF","Acoustic Carbon Inner OFF"
"Nittaku Acoustic OFF","Acoustic OFF"
"Nittaku Factive","Factive"
"Reiniger Clean Mist","Clean Mist"
"Reinigungsschwamm Carespo","Carespo"
"andro - Bype","Bype"
"andro - Bype SFX","Bype SFX"
"ANDRO - Gauzy HL CO OFF","Gauzy HL CO OFF"
"ANDRO - Gauzy SL OFF","Gauzy SL OFF"
"Andro - Hexer Grip","Hexer Grip"
"Andro - Hexer Grip SFX","Hexer Grip SFX"
"Andro - Hexer Powergrip","Hexer Powergrip"
"Andro - Hexer Powergrip SFX","Hexer Powergrip SFX"
"Andro - Hexer Powersponge","Hexer Powersponge"
"andro - NUZN 50","NUZN 50"
"andro - NUZN 55","NUZN 55"
"Andro - Performance","Performance"
"Andro - Plaxon 350","Plaxon 350"
"Andro - Plaxon 400","Plaxon 400"
"Andro - Plaxon 525","Plaxon 525"
"ANDRO - Power 3","Power 3"
"Andro - Rasant Chaos","Rasant Chaos"
"andro - Rasanter C45","Rasanter C45"
"ANDRO - Rasanter C48","Rasanter C48"
"ANDRO - Rasanter C53","Rasanter C53"
"Andro - Rasanter R37","Rasanter R37"
"Andro - Rasanter R42","Rasanter R42"
"Andro - Rasanter R45","Rasanter R45"
"Andro - Rasanter R47","Rasanter R47"
"ANDRO - Rasanter R48","Rasanter R48"
"Andro - Rasanter R50","Rasanter R50"
"ANDRO - RASANTER R53","Rasanter R53"
"Andro - Rasanter V42","Rasanter V42"
"Andro - Rasanter V47","Rasanter V47"
"Andro - Shifter","Shifter"
"Andro - Timber 5 ALL/S","Timber 5 ALL/S"
"ANDRO - Treiber FO OFF/S","Treiber FO OFF/S"
"ANDRO -Alpha Step II","Alpha Step II"
"ANDRO Treiber FI OFF","Treiber FI OFF"
"Armstrong - Rosin","Rosin"
"Balíček karet","Balíček karet"
"Barna - Anti Topspin Classic","Anti Topspin Classic"
"BARNA - CHAMPION","Champion"
"BARNA - CLASSIC DEFENCE","Classic Defence"
"BARNA - EXTRA SPIN","Extra Spin"
"Barna - EXTRA SPIN SPEED","Extra Spin-Speed"
"BARNA - HALF LONG","Half Long"
"BARNA - LEGEND CLASSIC","Legend Classic"
"BARNA - LEGEND FIRE","Legend Fire"
"BARNA - LEGEND LONG","Legend Long"
"BARNA - ORIGINAL ANTI","Original Anti"
"Barna - Spin Trick","Spin Trick"
"Barna - Stability Allround-","Stability Allround-"
"Barna - SUPER BALSA","Super Balsa"
"BARNA - SUPER GLANTI","Super Glanti"
"Barna - SUPER GLANTI ABSORBER","Super Glanti Absorber"
"Barna - SUPER GLANTI ATTACK","Super Glanti Attack"
"Barna - Super Glanti Black Edition","Super Glanti Black Edition"
"Barna - Super Glanti Soft","Super Glanti Soft"
"Barna - SUPERCOMBI","Barna Original Supercombi"
"BARNA - TRIUMPH","Triumph"
"BARNA - VICTORY","Victory"
"Barna - Virus 2","Virus 2"
"BARNA - WINNER","Winner"
"Barna Original - Turbulent","Original Turbulent"
"Bomb - Talent","Talent"
"Butterfly - A.Grubba","A. Grubba"
"BUTTERFLY - Aibiss","Aibiss"
"BUTTERFLY - Bryce Highspeed","Bryce Highspeed"
"BUTTERFLY - Centrefold 25","Centrefold 25"
"Butterfly - Chack sheet - lepící fólie","Chack sheet"
"Butterfly - Challenger Attack","Challenger Attack"
"BUTTERFLY - Combi Cleaner New","Combi Cleaner New"
"BUTTERFLY - Dignics 05","Dignics 05"
"BUTTERFLY - Dignics 09C","Dignics 09C"
"BUTTERFLY - Dignics 64","Dignics 64"
"BUTTERFLY - Dignics 80","Dignics 80"
"BUTTERFLY - Diode V","Diode V"
"Butterfly - Elite","Elite"
"BUTTERFLY - Europa II","Europa II"
"BUTTERFLY - Feint AG","Feint AG"
"Butterfly - Feint Long II","Feint Long II"
"Butterfly - Feint Long III","Feint Long III"
"Butterfly - Feint OX","Feint OX"
"Butterfly - Feint soft","Feint Soft"
"Butterfly - FILM III","Film III"
"BUTTERFLY - Free Chack PRO II (90 ml)","Free Chack PRO II (90 ml)"
"Butterfly - Free Chack vodní 500ml","Free Chack (500 ml)"
"Butterfly - Free Chack vodní 50ml","Free Chack (50 ml)"
"Butterfly - Free Chack vodní 90ml","Free Chack (90 ml)"
"Butterfly - G40+ 72pcs","G40+ 72ks"
"Butterfly - Glayzer","Glayzer"
"Butterfly - Glayzer 09C","Glayzer 09C"
"Butterfly - Hadraw SK - použité","Hadraw SK"
"BUTTERFLY - Harimoto Innerforce ALC","Harimoto Innerforce ALC"
"Butterfly - Impartial XB","Impartial XB"
"Butterfly - Impartial XS","Impartial XS"
"Butterfly - Innerforce Layer ALC","Innerforce Layer ALC"
"BUTTERFLY - Innerforce Layer ALC.S","Innerforce Layer ALC.S"
"Butterfly - Jun Mizutani","Jun Mizutani"
"Butterfly - Korbel (Japan)","Korbel (Japan)"
"BUTTERFLY - Maze Magic","Maze Magic"
"BUTTERFLY - Míčky R40+ *** (12 ks)","R40+ ***"
"Butterfly - měrka na síťku (zátěžová)","měrka na síťku (zátěžová)"
"Butterfly - Orthodox","Orthodox"
"Butterfly - Ovtcharov S1","Ovtcharov S1"
"Butterfly - Petr Korbel","Petr Korbel"
"BUTTERFLY - Roundell","Roundell"
"Butterfly - Rozena","Rozena"
"BUTTERFLY - Rubber Cleaner New","Rubber Cleaner New"
"Butterfly - Shirt Lady Benito","Shirt Lady Benito"
"Butterfly - Short Relax","Short Relax"
"Butterfly - Space Saver 22","Space Saver 22"
"Butterfly - Sriver FX","Sriver FX"
"Butterfly - Sriver L","Sriver L"
"Butterfly - Super anti","Super Anti"
"Butterfly - síťka náhradní (textil) PRO TOUR","PRO TOUR"
"Butterfly - síťka náhradní (textil) Spring","Spring"
"Butterfly - Tackiness Chop","Tackiness Chop"
"Butterfly - Tackiness Chop II","Tackiness Chop II"
"Butterfly - Tackiness Drive","Tackiness Drive"
"Butterfly - taškas na boty","taška na boty"
"Butterfly - Tenergy 05","Tenergy 05"
"Butterfly - Tenergy 05 FX","Tenergy 05 FX"
"BUTTERFLY - Tenergy 05 Hard","Tenergy 05 Hard"
"Butterfly - Tenergy 19","Tenergy 19"
"Butterfly - Tenergy 25","Tenergy 25"
"Butterfly - Tenergy 25 FX","Tenergy 25 FX"
"Butterfly - Tenergy 64","Tenergy 64"
"Butterfly - Tenergy 64 FX","Tenergy 64 FX"
"Butterfly - Tenergy 80","Tenergy 80"
"Butterfly - Tenergy 80 FX","Tenergy 80 FX"
"Butterfly - Timo Boll ALC","Timo Boll ALC"
"Butterfly - Timo Boll ZLC","Timo Boll ZLC"
"Butterfly - Timo Boll ZLF","Timo Boll ZLF"
"Butterfly - Viscaria","Viscaria"
"Butterfly - Z. Primorac (Japan)","Z. Primorac (Japan)"
"Butterfly - Zoran Primorac","Zoran Primorac"
"BUTTERFLY Ilius B","Ilius B"
"BUTTERFLY- Ilius S","Ilius S"
"Dawei - 388 D","388 D"
"Dawei - 388 D-1","388 D-1"
"Dawei - 388C-1","388C-1"
"Dawei - Saviga V","Saviga V"
"Der Materialspezialist - Anti-Speed","Anti-Speed"
"Der Materialspezialist - Beast Anti","Beast Anti"
"Der Materialspezialist - Best Anti Def","Best Anti Def"
"Der Materialspezialist - Blockbuster","Blockbuster"
"Der Materialspezialist - Breakout","Breakout"
"Der Materialspezialist - Burnout","Burnout"
"Der Materialspezialist - Contact Premium Plus 110 ml","Contact Premium Plus 110 ml"
"Der Materialspezialist - Cubixx 100","CUBIXX 100"
"Der Materialspezialist - Defensor","Defensor"
"Der Materialspezialist - Deluxe Carbon OFF-","Deluxe Carbon OFF-"
"Der Materialspezialist - Destroyer","Destroyer"
"Der Materialspezialist - Diabolic","Diabolic"
"Der Materialspezialist - Dr.Jekyll&Mr.Hyde","Dr.Jekyll&Mr.Hyde"
"Der Materialspezialist - E.S.P.","E.S.P."
"Der Materialspezialist - Elimination Extra Long","Elimination Extra Long"
"Der Materialspezialist - ELITE LONG","ELITE LONG"
"Der Materialspezialist - Excalibur","Excalibur"
"Der Materialspezialist - FAKIR","FAKIR"
"Der Materialspezialist - Firestorm","Firestorm"
"Der Materialspezialist - Firestorm soft","Firestorm soft"
"DER MATERIALSPEZIALIST - Flashback","Flashback"
"Der Materialspezialist - Hardcore","Hardcore"
"Der Materialspezialist - Hardcore Speed","Hardcore Speed"
"Der Materialspezialist - Hellcat","HELLCAT"
"Der Materialspezialist - Hellracer","Hellracer"
"Der Materialspezialist - Invictus","Invictus"
"Der Materialspezialist - Kamikaze","Kamikaze"
"der materialspezialist - KAMIKAZE LONG GREEN GRASS EDITION","KAMIKAZE LONG GREEN GRASS EDITION"
"Der Materialspezialist - Killing Defender Soft","Killing Defender Soft"
"Der Materialspezialist - L.S.D Extra Long","L.S.D Extra Long"
"Der Materialspezialist - L.S.D. Long Super Defence","L.S.D. Long Super Defence"
"Der Materialspezialist - Long Super Defence","Long Super Defence"
"Der Materialspezialist - Magic Defence","Magic Defence"
"Der Materialspezialist - Master Anti","Master Anti"
"Der Materialspezialist - MEGA BLOCK ANTI","MEGA BLOCK ANTI"
"Der Materialspezialist - MSP","MSP"
"Der Materialspezialist - Nightmare Anti","Nightmare Anti"
"DER MATERIALSPEZIALIST - OLYMPEA","OLYMPEA"
"Der Materialspezialist - Outkill","Outkill"
"Der Materialspezialist - Power Control","Power Control"
"Der Materialspezialist - Power Pipes","Power Pipes"
"Der Materialspezialist - Predator","Predator"
"Der Materialspezialist - Pro Anti Clean","Pro Anti Clean"
"Der Materialspezialist - Protector","Protector"
"Der Materialspezialist - páska na hranu pálky - 5m","páska na hranu pálky - 5m"
"Der Materialspezialist - Rebellion","REBELLION"
"Der Materialspezialist - REFFLECTION","REFFLECTION"
"Der Materialspezialist - samolepící folie","samolepící folie"
"Der Materialspezialist - Scandal","Scandal"
"Der Materialspezialist - Shockwave","Shockwave"
"Der Materialspezialist - SPECTRE","SPECTRE"
"DER MATERIALSPEZIALIST - SPINFIRE","SPINFIRE"
"Der Materialspezialist - Spinhunter","Spinhunter"
"Der Materialspezialist - Spinparasite","Spinparasite"
"Der Materialspezialist - Spinparasite Special","Spinparasite Special"
"Der Materialspezialist - Storkraft","STÖRKRAFT ANTI"
"Der Materialspezialist - Superwall","Superwall"
"Der Materialspezialist - Tenacious Violence","Tenacious Violence"
"Der Materialspezialist - Tenacious Violence Speed","Tenacious Violence Speed"
"Der Materialspezialist - Terror","Terror"
"Der Materialspezialist - The Wall","The Wall"
"Der Materialspezialist - Tomahawk","TOMAHAWK"
"Der Materialspezialist - Transformer","Transformer"
"Der Materialspezialist - Transformer Extra SLOW","Transformer Extra SLOW"
"Der Materialspezialist - Trouble","Trouble"
"Der Materialspezialist - TTR-Killer","TTR-KILLER"
"Der Materialspezialist - Turtle Twister","Turtle Twister"
"Der Materialspezialist - Turtle Twister Soft","Turtle Twister Soft"
"Der Materialspezialist - Undertaker","Undertaker"
"Der Materialspezialist - Wildfire","Wildfire"
"Der Materialspezialist - Wizard","Wizard"
"Der Materialspezialist - Wizard Fire","Wizard Fire"
"Der Materialspezialist -Super Control","Der Materialspezialist SUPER CONTROL"
"Der materialspezialist Scooper - Allround+","Scooper - Allround+"
"DHS - 652","DHS 652"
"DHS - DJ40+ 3*** WTT 6 Balls","DJ40+ 3***"
"DHS - Dragonow","Dragonow"
"DHS - Dual D40+ *** (10 ks)","Dual D40+ ***"
"DHS - Fang Bo All-Wood","Fang Bo All-Wood"
"DHS - Goldarc 8 47,5","Goldarc 8 47,5"
"DHS - Goldarc 8 50.0","Goldarc 8 50.0"
"DHS - Hurricane 8","Hurricane 8"
"DHS - NEO Hurricane III NEO","NEO Hurricane III"
"DHS - NEO Hurricane III NEO SOFT","NEO Hurricane III NEO SOFT"
"DHS - NEO Skyline 2","NEO Skyline 2"
"DHS - sálová sportovní obuv","sálová sportovní obuv"
"DHS - Wang Liqin Carbon","Wang Liqin Carbon"
"Dingo Swiss - Aluminium OFF","Aluminium OFF"
"Dingo Swiss - Carbon DLC OFF+","Carbon DLC OFF+"
"Dingo Swiss - Carbon Light ALL","Carbon Light ALL"
"Dingo Swiss - Yin Yan ALL","Yin Yan ALL"
"Dingo Swiss - Zik Zak","Zik Zak"
"DMS - Dampfungsschwamm tlumící houba","Dämpfungsschwamm"
"Donc -Stress","Stress"
"Donic - Acuda S1","Acuda S1"
"Donic - Acuda S1 Turbo","Acuda S1 Turbo"
"Donic - Acuda S2","Acuda S2"
"Donic - Acuda S3","Acuda S3"
"Donic - Akkadi Taichi","Akkadi Taichi"
"Donic - Alligator Combi","Alligator Combi"
"Donic - Alligator DEF","Alligator DEF"
"Donic - Anti Alligator","Alligator Anti"
"Donic - Appelgren Allplay Senso V1 ALL+","Appelgren Allplay Senso V1 ALL+"
"Donic - Appelgren Allplay Senso V2 ALL","Appelgren Allplay Senso V2 ALL"
"Donic - Appelgren Dotec Control ALL","Appelgren Dotec Control ALL"
"DONIC - Appelgren Exclusive AR","Appelgren Exclusive AR"
"Donic - Baracuda","Baracuda"
"Donic - Baracuda Big Slam","Baracuda Big Slam"
"DONIC - Blue Contact (90 ml)","Blue Contact"
"Donic - Bluefire Big Slam","Bluefire Big Slam"
"Donic - Bluefire JP01 Turbo","Bluefire JP01 Turbo"
"Donic - Bluefire M1","Bluefire M1"
"Donic - Bluefire M1 Turbo","Bluefire M1 Turbo"
"Donic - Bluefire M2","Bluefire M2"
"Donic - Bluefire M3","Bluefire M3"
"DONIC - Bluegrip C1","Bluegrip C1"
"DONIC - Bluegrip C2","Bluegrip C2"
"DONIC - BlueGrip R1","BlueGrip R1"
"DONIC - Bluegrip S1","Bluegrip S1"
"DONIC - Bluegrip S2","Bluegrip S2"
"DONIC - Bluestar A1","Bluestar A1"
"Donic - Bluestorm BigSlam","Bluestorm BigSlam"
"DONIC - Bluestorm Pro","Bluestorm Pro"
"DONIC - Bluestorm Pro AM","Bluestorm Pro AM"
"DONIC - Bluestorm Z1","Bluestorm Z1"
"Donic - Bluestorm Z1 Turbo","Bluestorm Z1 Turbo"
"DONIC - Bluestorm Z2","Bluestorm Z2"
"DONIC - Bluestorm Z3","Bluestorm Z3"
"Donic - Burn OFF-","Burn OFF-"
"DONIC - Classic Allround","Classic Allround"
"DONIC - Classic Offensive","Classic Offensive"
"Donic - Coppa","Coppa"
"Donic - Coppa Tagora","Coppa Tagora"
"DONIC - Coppa Tenero","Coppa Tenero"
"DONIC - Coppa X1 Gold","Coppa X1 Gold"
"Donic - Coppa X1 Turbo (Platin)","Coppa X1 Turbo (Platin)"
"Donic - Coppa X2 Platin Soft","Coppa X2 Platin Soft"
"Donic - Coppa X3 Silver","Coppa X3 Silver"
"Donic - Defplay Senso Classic DEF","Defplay Senso Classic DEF"
"Donic - Defplay Senso DEF","Defplay Senso DEF"
"Donic - Desto F1","Desto F1"
"DONIC - Desto F1 Plus","Desto F1 Plus"
"Donic - Desto F2","Desto F2"
"Donic - Desto F3","Desto F3"
"Donic - Desto F3 BigSlam","Desto F3 BigSlam"
"Donic - Desto F4","Desto F4"
"Donic - drift","drift"
"Donic - Epox Control ALL","Epox Control ALL"
"Donic - Epox Offensiv OFF","Epox Offensiv OFF"
"Donic - Lepidlo Donic Vario Clean 90 ml","Lepidlo Donic Vario Clean 90 ml"
"Donic - Lepidlo Vario clean 500 ml","Vario Clean 500 ml"
"Donic - Original Carbospeed","Original Carbospeed"
"Donic - Persson Dotec OFF","Persson Dotec OFF"
"DONIC - Persson Exclusive OFF","Persson Exclusive OFF"
"Donic - Persson PowerAR Senso V1","Persson PowerAR Senso V1"
"Donic - Persson PowerAR Senso V2","Persson PowerAR Senso V2"
"Donic - Persson Powerplay OFF","Persson Powerplay OFF"
"Donic - Persson Powerplay Senso V1 OFF","Persson Powerplay Senso V1 OFF"
"Donic - Persson Powerplay Senso V2 OFF","Persson Powerplay Senso V2 OFF"
"Donic - Piranja CD","Piranja CD"
"Donic - Piranja Formula TEC","Piranja Formula TEC"
"Donic - páska na hranu pálky - 0,5m","páska na hranu pálky"
"Donic - páska na hranu pálky - 50m","páska na hranu pálky - 50m"
"Donic - páska na hranu pálky - 5m","páska na hranu pálky - 5m"
"Donic - Quattro","Quattro"
"Donic - Quattro Áconda medium","Quattro Áconda Medium"
"Donic - Quattro Áconda soft","Quattro Áconda Soft"
"DONIC - Robopong 1055","Robopong 1055"
"DONIC - Robopong 2055","Robopong 2055"
"DONIC - Robopong 3050 XL","Robopong 3050 XL"
"Donic - sběrač míčků","sběrač míčků"
"DONIC - Slice 40 CS","Slice 40 CS"
"Donic - Slice CD","Slice CD"
"DONIC - Sonex JP Gold","Sonex JP Gold"
"Donic - Spike P1","Spike P1"
"Donic - Spike P2","Spike P2"
"Donic - Ultra Power II","Ultra Power II"
"Donic - Vario","Vario"
"DONIC - Vario Big Slam","Vario Big Slam"
"DONIC - Vario Soft","Vario Soft"
"DONIC - Waldner Allplay","Waldner Allplay"
"Donic - Waldner Dotec ALL+","Waldner Dotec ALL+"
"Donic - Waldner Dotec carbon OFF","Waldner Dotec Carbon OFF"
"DONIC - Waldner Exclusive AR+","Waldner Exclusive AR+"
"Donic - Waldner Offensive 2016","Waldner Offensive 2016"
"Donic - Waldner Senso V1 OFF-","Waldner Senso V1 OFF-"
"Donic - Waldner Senso V2 OFF-","Waldner Senso V2 OFF-"
"Donic - Wang Xi Dotec Control plus","Wang Xi Dotec Control plus"
"Donic - závěsný košík ke stolu","Závěsný košík ke stolu"
"Double  Fish - 1615","Double Fish 1615"
"Dr. Neubauer - ABS","ABS"
"Dr. Neubauer - Aggressor","Aggressor"
"Dr. Neubauer - Boomerang Classic","Boomerang Classic"
"Dr. Neubauer - Bulldog ALL","Bulldog ALL"
"Dr. Neubauer - Diamant","Diamant"
"Dr. Neubauer - Domination Speed 2","Domination Speed 2"
"Dr. Neubauer - Fighter","Fighter"
"Dr. Neubauer - Kung Fu ALL","Kung Fu ALL"
"Dr. Neubauer - Leopard","Leopard"
"Dr. Neubauer - Nugget","Nugget"
"Dr. Neubauer - Number 1","Number 1"
"Dr. Neubauer - Power Attack","Power Attack"
"Dr. Neubauer - Special Defence","Special Defence"
"Dárkový poukaz 1000 Kč","Dárkový poukaz 1000 Kč"
"Dárkový poukaz 1500 Kč","Dárkový poukaz 1500 Kč"
"Dárkový poukaz 2000 Kč","Dárkový poukaz 2000 Kč"
"Dárkový poukaz 500 Kč","Dárkový poukaz 500 Kč"
"Fast Pong System","Fast Pong System"
"FRIENDSHIP -  40+ THREE STAR 6 ks","40+ Three Star"
"Friendship - 729 Aurora","729 Aurora"
"Friendship - 729 Aurora Max","729 Aurora Max"
"Friendship - 729 Focus III Snipe","729 Focus III Snipe"
"Friendship - 729 FX Supersoft","729 FX Supersoft"
"Friendship - 729 Geospin","729 Geospin"
"Friendship - 729 Orange Sponge","729 Orange Sponge"
"Friendship - 729 Origin","729 Origin"
"Friendship - 729 Super FX - oranžová houba","729 Super FX - oranžová houba"
"Friendship - 729-08","729-08"
"Friendship - 729-08 ES","729-08 ES"
"Friendship - 729-2","729-2"
"Friendship - 729-2 Sensor New","729-2 Sensor New"
"Friendship - 837 Mystery III","837 Mystery III"
"Friendship - Battle II Province","Battle II Province"
"Friendship - C-2 FL","C-2 FL"
"Friendship - Dr.Evil OX","Dr.Evil OX"
"Friendship - Dr.Evil supersoft","Dr.Evil supersoft"
"Friendship - HRS Cream Sponge","HRS Cream Sponge"
"Friendship - L-3","L-3"
"Friendship - Legend 105","Legend 105"
"Friendship - RITC 563-1","RITC 563-1"
"Friendship - RITC 729 Cream topsheet","RITC 729 Cream"
"Friendship - RITC 729 Topsheet","RITC 729 Topsheet"
"Friendship - RITC 755","RITC 755"
"Friendship - RITC 802","RITC 802"
"Friendship - RITC 802-1","RITC 802-1"
"Friendship - RITC 804","RITC 804"
"Gewo - Balsa Carbon 375","Balsa Carbon 375"
"Gewo - Balsa Carbon 575","Balsa Carbon 575"
"Gewo - Balsa Carbon 775","Balsa Carbon 775"
"Gewo - In-Force PBO-PC OFF","In-Force PBO-PC OFF"
"Globe - 889","889"
"Globe - 979","Globe 979"
"Globe - 999","Globe 999"
"Gold Way - S9","S9"
"Hallmark - Combination DEF/OFF","Combination DEF/OFF"
"Hallmark - Friction spec.2","Friction spec.2"
"Hallmark - Mirage","Mirage"
"Hallmark - Panther","Panther"
"HALLMARK Tactics-LP","Tactics-LP"
"Hanno - míčky *** 40+ Polyball 3","40+ Polyball 3"
"Hanno - míčky *** 40+ Polyball 72 ks","Hanno 40+ *** Polyball"
"Japsko - OFF+","Japsko - OFF+"
"Jolla - ACE cotton","ACE cotton"
"andro-Alpha-T","Alpha-T"
"andro-Ataxa","Ataxa"
"andro-Ataxa Women","Ataxa Women"
"andro-Avos","Avos"
"andro-Avos (bavlna)","Avos (bavlna)"
"5er Set Spielblock HeTTV/ Universal, alle Systeme","Spielblock HeTTV/Universal"
"5x Ersatzschnur","Ersatzschnur"
"andro Alu Double Case Black Star schwarz","Alu Double Case Black Star"
"andro Andruckrolle","Andruckrolle"
"andro Anzughose Marbery schwarz/grau L","Anzughose Marbery"
"andro Anzughose Marbery schwarz/grau M","Anzughose Marbery"
"andro Anzughose Marbery schwarz/grau S","Anzughose Marbery"
"andro Anzughose Marbery schwarz/grau XL","Anzughose Marbery"
"andro Anzughose Marbery schwarz/grau XS","Anzughose Marbery"
"andro Anzughose Marbery schwarz/grau XXL","Anzughose Marbery"
"andro Anzughose Marbery schwarz/grau XXS","Anzughose Marbery"
"andro Anzughose Marbery schwarz/grau XXXL","Anzughose Marbery"
"andro Anzughose Marbery schwarz/grau XXXS","Anzughose Marbery schwarz/grau"
"andro Anzughose Marbery schwarz/grau XXXXL","Anzughose Marbery"
"andro Anzughose Marbery schwarz/grau XXXXXL","Anzughose Marbery"
"andro Anzugjacke Marbery blau L","Anzugjacke Marbery"
"andro Anzugjacke Marbery blau M","Anzugjacke Marbery"
"andro Anzugjacke Marbery blau S","Anzugjacke Marbery"
"andro Anzugjacke Marbery blau XL","Anzugjacke Marbery"
"andro Anzugjacke Marbery blau XS","Anzugjacke Marbery"
"andro Anzugjacke Marbery blau XXL","Anzugjacke Marbery"
"andro Anzugjacke Marbery blau XXS","Anzugjacke Marbery"
"andro Anzugjacke Marbery blau XXXL","Anzugjacke Marbery"
"andro Anzugjacke Marbery blau XXXS","Anzugjacke Marbery"
"andro Anzugjacke Marbery blau XXXXL","Anzugjacke Marbery"
"andro Anzugjacke Marbery blau XXXXXL","Anzugjacke Marbery"
"andro Anzugjacke Marbery schwarz/grau L","Anzugjacke Marbery"
"andro Anzugjacke Marbery schwarz/grau M","Anzugjacke Marbery"
"andro Anzugjacke Marbery schwarz/grau S","Anzugjacke Marbery"
"andro Anzugjacke Marbery schwarz/grau XL","Anzugjacke Marbery"
"andro Anzugjacke Marbery schwarz/grau XS","Anzugjacke Marbery"
"andro Anzugjacke Marbery schwarz/grau XXL","Anzugjacke Marbery"
"andro Anzugjacke Marbery schwarz/grau XXS","Anzugjacke Marbery"
"andro Anzugjacke Marbery schwarz/grau XXXL","Anzugjacke Marbery"
"andro Anzugjacke Marbery schwarz/grau XXXS","Anzugjacke Marbery"
"andro Anzugjacke Marbery schwarz/grau XXXXL","Anzugjacke Marbery"
"andro Anzugjacke Marbery schwarz/grau XXXXXL","Anzugjacke Marbery"
"andro Ball *** ZeroT 3er weiß","ZeroT***"
"andro Ball *** ZeroT 72er weiß","ZeroT***"
"andro Balltasche Munro schwarz","Balltasche Munro"
"andro Belag Backside 3.0 rot 1,2 mm","Backside 3.0"
"andro Belag Backside 3.0 rot 1,5 mm","Backside 3.0"
"andro Belag Backside 3.0 rot 1,8 mm","Backside 3.0"
"andro Belag Backside 3.0 schwarz 1,2 mm","Backside 3.0"
"andro Belag Backside 3.0 schwarz 1,5 mm","Belag Backside 3.0"
"andro Belag Backside 3.0 schwarz 1,8 mm","Backside 3.0"
"andro Belag Blowfish plus rot 1,8 mm","Blowfish plus"
"andro Belag Blowfish plus rot 2,0 mm","Blowfish Plus"
"andro Belag Blowfish plus rot 2,3 mm","Blowfish Plus"
"andro Belag Blowfish plus schwarz 1,8 mm","Blowfish plus"
"andro Belag Blowfish plus schwarz 2,0 mm","Blowfish plus"
"andro Belag Blowfish plus schwarz 2,3 mm","Blowfish plus"
"andro Belag Blowfish rot 1,8 mm","Blowfish"
"andro Belag Blowfish rot 2,0 mm","Blowfish"
"andro Belag Blowfish rot 2,3 mm","Blowfish"
"andro Belag Blowfish schwarz 1,8 mm","Blowfish"
"andro Belag Blowfish schwarz 2,0 mm","Blowfish"
"andro Belag Blowfish schwarz 2,3 mm","Blowfish"
"andro Belag BYPE rot 1,8 mm","BYPE"
"andro Belag BYPE rot 2,0 mm","BYPE"
"andro Belag BYPE rot 2,3 mm","BYPE"
"andro Belag BYPE schwarz 1,8 mm","BYPE"
"andro Belag BYPE schwarz 2,0 mm","BYPE"
"andro Belag BYPE schwarz 2,3 mm","BYPE"
"andro Belag BYPE SFX rot 1,8 mm","BYPE SFX"
"andro Belag BYPE SFX rot 2,0 mm","BYPE SFX"
"andro Belag BYPE SFX rot 2,3 mm","BYPE SFX"
"andro Belag BYPE SFX schwarz 1,8 mm","BYPE SFX"
"andro Belag BYPE SFX schwarz 2,0 mm","andro BYPE SFX"
"andro Belag BYPE SFX schwarz 2,3 mm","BYPE SFX"
"andro Belag GOOD blau 1,8 mm","GOOD"
"andro Belag GOOD blau 2,1 mm","andro Belag GOOD"
"andro Belag GOOD rot 1,8 mm","andro GOOD"
"andro Belag GOOD rot 2,1 mm","andro GOOD"
"andro Belag GOOD schwarz 1,8 mm","GOOD"
"andro Belag GOOD schwarz 2,1 mm","GOOD"
"andro Belag GTT 40 rot 1,8 mm","andro GTT 40"
"andro Belag GTT 40 rot 2,0 mm","GTT 40"
"andro Belag GTT 40 rot 2,3 mm","andro GTT 40"
"andro Belag GTT 40 schwarz 1,8 mm","GTT 40"
"andro Belag GTT 40 schwarz 2,0 mm","GTT 40"
"andro Belag GTT 40 schwarz 2,3 mm","GTT 40"
"andro Belag GTT 45 blau 1,8 mm","GTT 45"
"andro Belag GTT 45 blau 2,0 mm","GTT 45"
"andro Belag GTT 45 blau 2,3 mm","GTT 45"
"andro Belag GTT 45 pink 1,8 mm","GTT 45"
"andro Belag GTT 45 pink 2,0 mm","GTT 45"
"andro Belag GTT 45 pink 2,3 mm","GTT 45"
"andro Belag GTT 45 rot 1,8 mm","GTT 45"
"andro Belag GTT 45 rot 2,0 mm","GTT 45"
"andro Belag GTT 45 rot 2,3 mm","andro GTT 45"
"andro Belag GTT 45 schwarz 1,8 mm","GTT 45"
"andro Belag GTT 45 schwarz 2,0 mm","GTT 45"
"andro Belag GTT 45 schwarz 2,3 mm","GTT 45"
"andro Belag Hexer Duro blau 1,7 mm","Hexer Duro"
"andro Belag Hexer Duro blau 1,9 mm","Hexer Duro"
"andro Belag Hexer Duro blau 2,1 mm","Hexer Duro"
"andro Belag Hexer Duro rot 1,7 mm","Hexer Duro"
"andro Belag Hexer Duro rot 1,9 mm","Hexer Duro"
"andro Belag Hexer Duro rot 2,1 mm","Hexer Duro"
"andro Belag Hexer Duro schwarz 1,7 mm","Hexer Duro"
"andro Belag Hexer Duro schwarz 1,9 mm","Hexer Duro"
"andro Belag Hexer Duro schwarz 2,1 mm","Hexer Duro"
"andro Belag Hexer Grip rot 1,7 mm","Hexer Grip"
"andro Belag Hexer Grip rot 1,9 mm","Hexer Grip"
"andro Belag Hexer Grip rot 2,1 mm","Hexer Grip"
"andro Belag Hexer Grip schwarz 1,7 mm","Hexer Grip"
"andro Belag Hexer Grip schwarz 1,9 mm","Hexer Grip"
"andro Belag Hexer Grip schwarz 2,1 mm","Hexer Grip"
"andro Belag Hexer Grip SFX rot 1,7 mm","Hexer Grip SFX"
"andro Belag Hexer Grip SFX rot 1,9 mm","Hexer Grip SFX"
"andro Belag Hexer Grip SFX rot 2,1 mm","Hexer Grip SFX"
"andro Belag Hexer Grip SFX schwarz 1,7 mm","Hexer Grip SFX"
"andro Belag Hexer Grip SFX schwarz 1,9 mm","Hexer Grip SFX"
"andro Belag Hexer Grip SFX schwarz 2,1 mm","Hexer Grip SFX"
"andro Belag Hexer HD rot 2,1 mm","Hexer HD"
"andro Belag Hexer HD schwarz 2,1 mm","Hexer HD"
"andro Belag Hexer plus rot 2,1 mm","Hexer Plus"
"andro Belag Hexer plus schwarz 2,1 mm","Hexer Plus"
"andro Belag Hexer Powergrip rot 1,7 mm","Hexer Powergrip"
"andro Belag Hexer Powergrip rot 1,9 mm","Hexer Powergrip"
"andro Belag Hexer Powergrip rot 2,1 mm","Hexer Powergrip"
"andro Belag Hexer Powergrip schwarz 1,7 mm","Hexer Powergrip"
"andro Belag Hexer Powergrip schwarz 1,9 mm","Hexer Powergrip"
"andro Belag Hexer Powergrip schwarz 2,1 mm","Hexer Powergrip"
"andro Belag Hexer Powergrip SFX rot 1,7 mm","Hexer Powergrip SFX"
"andro Belag Hexer Powergrip SFX rot 1,9 mm","Hexer Powergrip SFX"
"andro Belag Hexer Powergrip SFX rot 2,1 mm","Hexer Powergrip SFX"
"andro Belag Hexer Powergrip SFX schwarz 1,7 mm","Hexer Powergrip SFX"
"andro Belag Hexer Powergrip SFX schwarz 1,9 mm","Hexer Powergrip SFX"
"andro Belag Hexer Powergrip SFX schwarz 2,1 mm","Hexer Powergrip SFX"
"andro Belag Hexer Powersponge rot 1,7 mm","Hexer Powersponge"
"andro Belag Hexer Powersponge rot 1,9 mm","Hexer Powersponge"
"andro Belag Hexer Powersponge rot 2,1 mm","Hexer Powersponge"
"andro Belag Hexer Powersponge schwarz 1,7 mm","Hexer Powersponge"
"andro Belag Hexer Powersponge schwarz 1,9 mm","Hexer Powersponge"
"andro Belag Hexer Powersponge schwarz 2,1 mm","Hexer Powersponge"
"andro Belag Hexer rot 1,7 mm","Hexer"
"andro Belag Hexer rot 1,9 mm","Hexer"
"andro Belag Hexer rot 2,1 mm","Hexer"
"andro Belag Hexer schwarz 1,7 mm","Hexer"
"andro Belag Hexer schwarz 1,9 mm","Hexer"
"andro Belag Hexer schwarz 2,1 mm","Hexer"
"andro Belag Impuls Powersponge rot 1,8 mm","Impuls Powersponge"
"andro Belag Impuls Powersponge rot 2,1 mm","Impuls Powersponge"
"andro Belag Impuls Powersponge schwarz 1,8 mm","Impuls Powersponge"
"andro Belag Impuls Powersponge schwarz 2,1 mm","Impuls Powersponge"
"andro Belag Impuls Speed rot 1,8 mm","Impuls Speed"
"andro Belag Impuls Speed rot 2,1 mm","Impuls Speed"
"andro Belag Impuls Speed schwarz 1,8 mm","Impuls Speed"
"andro Belag Impuls Speed schwarz 2,1 mm","Impuls Speed"
"andro Belag NUZN 45 rot 1,9 mm","NUZN 45"
"andro Belag NUZN 45 rot 2,1 mm","NUZN 45"
"andro Belag NUZN 45 schwarz 1,9 mm","NUZN 45"
"andro Belag NUZN 45 schwarz 2,1 mm","NUZN 45"
"andro Belag NUZN 48 rot 1,9 mm","NUZN 48"
"andro Belag NUZN 48 rot 2,1 mm","NUZN 48"
"andro Belag NUZN 48 schwarz 1,9 mm","NUZN 48"
"andro Belag NUZN 48 schwarz 2,1 mm","NUZN 48"
"andro Belag NUZN 50 rot 2,0 mm","NUZN 50"
"andro Belag NUZN 50 rot 2,3 mm","NUZN 50"
"andro Belag NUZN 50 schwarz 2,0 mm","NUZN 50"
"andro Belag NUZN 50 schwarz 2,3 mm","NUZN 50"
"andro Belag NUZN 55 rot 2,0 mm","NUZN 55"
"andro Belag NUZN 55 rot 2,3 mm","NUZN 55"
"andro Belag NUZN 55 schwarz 2,0 mm","NUZN 55"
"andro Belag NUZN 55 schwarz 2,3 mm","NUZN 55"
"andro Belag Rasant Chaos rot 0,5 mm","Rasant Chaos"
"andro Belag Rasant Chaos rot 1,2 mm","Rasant Chaos"
"andro Belag Rasant Chaos rot OX","Rasant Chaos"
"andro Belag Rasant Chaos schwarz 0,5 mm","Rasant Chaos"
"andro Belag Rasant Chaos schwarz OX","Rasant Chaos"
"andro Belag Rasanter C 48 rot 2,0 mm","Rasanter C 48"
"andro Belag Rasanter C 48 rot 2,3 mm","Rasanter C 48"
"andro Belag Rasanter C 48 schwarz 2,0 mm","Rasanter C 48"
"andro Belag Rasanter C 48 schwarz 2,3 mm","Rasanter C 48"
"andro Belag Rasanter C 53 rot 2,0 mm","Rasanter C 53"
"andro Belag Rasanter C 53 rot 2,3 mm","Rasanter C 53"
"andro Belag Rasanter C 53 schwarz 2,0 mm","Rasanter C 53"
"andro Belag Rasanter C 53 schwarz 2,3 mm","Rasanter C 53"
"andro Belag Rasanter C45 rot 2,0 mm","Rasanter C45"
"andro Belag Rasanter C45 rot 2,3 mm","Rasanter C45"
"andro Belag Rasanter C45 schwarz 2,0 mm","Rasanter C45"
"andro Belag Rasanter C45 schwarz 2,3 mm","Rasanter C45"
"andro Belag Rasanter R 37 rot 1,7 mm","Rasanter R 37"
"andro Belag Rasanter R 37 rot 2,0 mm","Rasanter R 37"
"andro Belag Rasanter R 37 rot 2,3 mm","Rasanter R 37"
"andro Belag Rasanter R 37 schwarz 1,7 mm","Rasanter R 37"
"andro Belag Rasanter R 37 schwarz 2,0 mm","Rasanter R 37"
"andro Belag Rasanter R 37 schwarz 2,3 mm","Rasanter R 37"
"andro Belag Rasanter R 42 rot 1,7 mm","Rasanter R 42"
"andro Belag Rasanter R 42 rot 2,0 mm","Rasanter R 42"
"andro Belag Rasanter R 42 rot 2,3 mm","Rasanter R 42"
"andro Belag Rasanter R 42 schwarz 1,7 mm","Rasanter R 42"
"andro Belag Rasanter R 42 schwarz 2,0 mm","andro Rasanter R 42"
"andro Belag Rasanter R 42 schwarz 2,3 mm","Rasanter R 42"
"andro Belag Rasanter R 45 rot 1,7 mm","Rasanter R 45"
"andro Belag Rasanter R 45 rot 2,0 mm","Rasanter R 45"
"andro Belag Rasanter R 45 rot 2,3 mm","Rasanter R 45"
"andro Belag Rasanter R 45 schwarz 1,7 mm","Rasanter R 45"
"andro Belag Rasanter R 45 schwarz 2,0 mm","Rasanter R 45"
"andro Belag Rasanter R 45 schwarz 2,3 mm","Rasanter R 45"
"andro Belag Rasanter R 47 rot 1,7 mm","Rasanter R 47"
"andro Belag Rasanter R 47 rot 2,0 mm","Rasanter R 47"
"andro Belag Rasanter R 47 rot 2,3 mm","Rasanter R 47"
"andro Belag Rasanter R 47 schwarz 1,7 mm","Rasanter R 47"
"andro Belag Rasanter R 47 schwarz 2,0 mm","Rasanter R 47"
"andro Belag Rasanter R 47 schwarz 2,3 mm","Rasanter R 47"
"andro Belag Rasanter R 48 blau 1,7 mm","Rasanter R 48"
"andro Belag Rasanter R 48 blau 2,0 mm","Rasanter R 48"
"andro Belag Rasanter R 48 blau 2,3 mm","Rasanter R 48"
"andro Belag Rasanter R 48 rot 1,7 mm","Rasanter R 48"
"andro Belag Rasanter R 48 rot 2,0 mm","Rasanter R 48"
"andro Belag Rasanter R 48 rot 2,3 mm","Rasanter R 48"
"andro Belag Rasanter R 48 schwarz 1,7 mm","andro Rasanter R 48"
"andro Belag Rasanter R 48 schwarz 2,0 mm","Rasanter R 48"
"andro Belag Rasanter R 48 schwarz 2,3 mm","Rasanter R 48"
"andro Belag Rasanter R 50 rot 2,0 mm","Rasanter R 50"
"andro Belag Rasanter R 50 rot 2,3 mm","Rasanter R 50"
"andro Belag Rasanter R 50 schwarz 2,0 mm","Rasanter R 50"
"andro Belag Rasanter R 50 schwarz 2,3 mm","Rasanter R 50"
"andro Belag Rasanter R 53 rot 1,7 mm","Rasanter R 53"
"andro Belag Rasanter R 53 rot 2,0 mm","Rasanter R 53"
"andro Belag Rasanter R 53 rot 2,3 mm","Rasanter R 53"
"andro Belag Rasanter R 53 schwarz 1,7 mm","Rasanter R 53"
"andro Belag Rasanter R 53 schwarz 2,0 mm","Rasanter R 53"
"andro Belag Rasanter R 53 schwarz 2,3 mm","Rasanter R 53"
"andro Belag Rasanter V 42 rot 1,7 mm","Rasanter V 42"
"andro Belag Rasanter V 42 rot 2,0 mm","Rasanter V42"
"andro Belag Rasanter V 42 rot 2,3 mm","Rasanter V 42"
"andro Belag Rasanter V 42 schwarz 2,0 mm","Rasanter V42"
"andro Belag Rasanter V 42 schwarz 2,3 mm","Rasanter V42"
"andro Belag Rasanter V 47 rot 1,7 mm","Rasanter V 47"
"andro Belag Rasanter V 47 rot 2,0 mm","Rasanter V 47"
"andro Belag Rasanter V 47 rot 2,3 mm","Rasanter V 47"
"andro Belag Rasanter V 47 schwarz 2,0 mm","Rasanter V 47"
"andro Belag Rasanter V 47 schwarz 2,3 mm","Rasanter V47"
"andro Belag Shifter rot 1,7 mm","Shifter"
"andro Belag Shifter rot 1,9 mm","Shifter"
"andro Belag Shifter rot 2,1 mm","Shifter"
"andro Belag Shifter schwarz 1,7 mm","Shifter"
"andro Belag Shifter schwarz 1,9 mm","Shifter"
"andro Belag Shifter schwarz 2,1 mm","Shifter"
"andro Belagschutzfolie","Belagschutzfolie"
"andro Doppelhülle Crory schwarz/blau","Doppelhülle Crory"
"andro Doppelhülle Fraser blau camouflage","Doppelhülle Fraser"
"andro Doppelhülle Maboon blau/pink","Doppelhülle Maboon"
"andro Doppelhülle Maboon multicolor","Doppelhülle Maboon"
"andro Doppelhülle Moriva  schwarz/blau","Doppelhülle Moriva"
"andro Doppelhülle Moriva  schwarz/neongelb","Doppelhülle Moriva"
"andro Doppelhülle Moriva  schwarz/pink","Doppelhülle Moriva"
"andro Doppelhülle Sintra grau/blau","Doppelhülle Sintra"
"andro Einzelhülle Crory schwarz/blau","Einzelhülle Crory"
"andro Einzelhülle Fraser blau camouflage","Einzelhülle Fraser"
"andro Einzelhülle Moriva  schwarz","Einzelhülle Moriva"
"andro Free Seal 25 g","Free Seal 25 g"
"andro Handtuch Get The Edge M schwarz/grau","Handtuch Get The Edge M"
"andro Handtuch Get The Edge S schwarz/grau","Handtuch Get The Edge S"
"andro Handtuch Nuzn M schwarz/blau","Handtuch NUZN M"
"andro Handtuch Nuzn S schwarz/blau","Handtuch NUZN S"
"andro Handtuch Refresh M blau/schwarz","Handtuch Refresh M"
"andro Hard Case Crory schwarz/blau","Hard Case Crory"
"andro Headband Pro schwarz/gold","Headband Pro"
"andro Hemd Ataxa schwarz/gelb L","Hemd Ataxa"
"andro Hemd Ataxa schwarz/gelb M","Hemd Ataxa"
"andro Hemd Ataxa schwarz/gelb S","Hemd Ataxa"
"andro Hemd Ataxa schwarz/gelb XL","Hemd Ataxa"
"andro Hemd Ataxa schwarz/gelb XS","Hemd Ataxa"
"andro Hemd Ataxa schwarz/gelb XXL","Hemd Ataxa"
"andro Hemd Ataxa schwarz/gelb XXS","Hemd Ataxa"
"andro Hemd Ataxa schwarz/gelb XXXL","Hemd Ataxa"
"andro Hemd Ataxa schwarz/gelb XXXXL","Hemd Ataxa"
"andro Hemd Ataxa schwarz/gelb XXXXXL","Hemd Ataxa"
"andro Hemd Ataxa schwarz/rot L","Hemd Ataxa"
"andro Hemd Ataxa schwarz/rot M","Hemd Ataxa"
"andro Hemd Ataxa schwarz/rot S","Hemd Ataxa"
"andro Hemd Ataxa schwarz/rot XL","Hemd Ataxa schwarz/rot XL"
"andro Hemd Ataxa schwarz/rot XS","Hemd Ataxa"
"andro Hemd Ataxa schwarz/rot XXL","Hemd Ataxa"
"andro Hemd Ataxa schwarz/rot XXS","Hemd Ataxa"
"andro Hemd Ataxa schwarz/rot XXXL","Hemd Ataxa"
"andro Hemd Ataxa schwarz/rot XXXXL","Hemd Ataxa"
"andro Hemd Ataxa schwarz/rot XXXXXL","Hemd Ataxa"
"andro Hemd Avos blau/gelb L","Hemd Avos"
"andro Hemd Avos blau/gelb M","Hemd Avos"
"andro Hemd Avos blau/gelb S","Hemd Avos"
"andro Hemd Avos blau/gelb XL","Hemd Avos"
"andro Hemd Avos blau/gelb XS","Hemd Avos"
"andro Hemd Avos blau/gelb XXL","Hemd Avos"
"andro Hemd Avos blau/gelb XXS","Hemd Avos"
"andro Hemd Avos blau/gelb XXXL","Hemd Avos"
"andro Hemd Avos blau/gelb XXXXL","Hemd Avos"
"andro Hemd Avos blau/gelb XXXXXL","Hemd Avos"
"andro Hemd Avos Cotton blau/gelb L","Hemd Avos Cotton"
"andro Hemd Avos Cotton blau/gelb M","Hemd Avos Cotton"
"andro Hemd Avos Cotton blau/gelb S","Hemd Avos Cotton"
"andro Hemd Avos Cotton blau/gelb XL","Hemd Avos Cotton"
"andro Hemd Avos Cotton blau/gelb XXL","Hemd Avos Cotton"
"andro Hemd Avos Cotton blau/gelb XXXL","Hemd Avos Cotton"
"andro Hemd Avos Cotton blau/gelb XXXXL","Hemd Avos Cotton"
"andro Hemd Avos Cotton blau/gelb XXXXXL","Hemd Avos Cotton"
"andro Hemd Avos Cotton grau/blau L","Hemd Avos Cotton"
"andro Hemd Avos Cotton grau/blau M","Hemd Avos Cotton"
"andro Hemd Avos Cotton grau/blau S","Hemd Avos Cotton"
"andro Hemd Avos Cotton grau/blau XL","Hemd Avos Cotton"
"andro Hemd Avos Cotton grau/blau XXL","Hemd Avos Cotton"
"andro Hemd Avos Cotton grau/blau XXXL","Hemd Avos Cotton"
"andro Hemd Avos Cotton grau/blau XXXXL","Hemd Avos Cotton"
"andro Hemd Avos Cotton grau/blau XXXXXL","Hemd Avos Cotton"
"andro Hemd Avos Cotton schwarz/neonrot L","Hemd Avos Cotton"
"andro Hemd Avos Cotton schwarz/neonrot M","Hemd Avos Cotton"
"andro Hemd Avos Cotton schwarz/neonrot S","Hemd Avos Cotton"
"andro Hemd Avos Cotton schwarz/neonrot XL","Hemd Avos Cotton"
"andro Hemd Avos Cotton schwarz/neonrot XXL","Hemd Avos Cotton"
"andro Hemd Avos Cotton schwarz/neonrot XXXL","Hemd Avos Cotton"
"andro Hemd Avos Cotton schwarz/neonrot XXXXL","Hemd Avos Cotton"
"andro Hemd Avos Cotton schwarz/neonrot XXXXXL","Hemd Avos Cotton"
"andro Hemd Avos grau/blau L","Hemd Avos"
"andro Hemd Avos grau/blau M","Hemd Avos"
"andro Hemd Avos grau/blau S","Hemd Avos"
"andro Hemd Avos grau/blau XL","Hemd Avos"
"andro Hemd Avos grau/blau XS","Hemd Avos"
"andro Hemd Avos grau/blau XXL","Hemd Avos"
"andro Hemd Avos grau/blau XXS","Hemd Avos"
"andro Hemd Avos grau/blau XXXL","Hemd Avos"
"andro Hemd Avos grau/blau XXXXL","Hemd Avos"
"andro Hemd Avos grau/blau XXXXXL","Hemd Avos"
"andro Hemd Avos schwarz/neonrot L","Hemd Avos"
"andro Hemd Avos schwarz/neonrot M","Hemd Avos"
"andro Hemd Avos schwarz/neonrot S","Hemd Avos"
"andro Hemd Avos schwarz/neonrot XL","Hemd Avos"
"andro Hemd Avos schwarz/neonrot XS","Hemd Avos"
"andro Hemd Avos schwarz/neonrot XXL","Hemd Avos"
"andro Hemd Avos schwarz/neonrot XXS","Hemd Avos"
"andro Hemd Avos schwarz/neonrot XXXL","Hemd Avos"
"andro Hemd Avos schwarz/neonrot XXXXL","Hemd Avos"
"andro Hemd Avos schwarz/neonrot XXXXXL","Hemd Avos"
"andro Hemd Cassini grau melange L","Hemd Cassini"
"andro Hemd Cassini grau melange M","Hemd Cassini"
"andro Hemd Cassini grau melange S","Hemd Cassini"
"andro Hemd Cassini grau melange XL","Hemd Cassini"
"andro Hemd Cassini grau melange XS","Hemd Cassini"
"andro Hemd Cassini grau melange XXL","Hemd Cassini"
"andro Hemd Cassini grau melange XXS","Hemd Cassini"
"andro Hemd Cassini grau melange XXXL","Hemd Cassini"
"andro Hemd Lavor dunkelblau/blau L","Hemd Lavor"
"andro Hemd Lavor dunkelblau/blau M","Hemd Lavor"
"andro Hemd Lavor dunkelblau/blau S","Hemd Lavor"
"andro Hemd Lavor dunkelblau/blau XL","Hemd Lavor"
"andro Hemd Lavor dunkelblau/blau XS","Hemd Lavor"
"andro Hemd Lavor dunkelblau/blau XXL","Hemd Lavor"
"andro Hemd Lavor dunkelblau/blau XXS","Hemd Lavor"
"andro Hemd Lavor dunkelblau/blau XXXL","Hemd Lavor"
"andro Hemd Lavor dunkelblau/blau XXXXL","Hemd Lavor"
"andro Hemd Lavor dunkelblau/blau XXXXXL","Hemd Lavor"
"andro Hemd Lavor schwarz/gelb L","Hemd Lavor"
"andro Hemd Lavor schwarz/gelb M","Hemd Lavor"
"andro Hemd Lavor schwarz/gelb S","Hemd Lavor"
"andro Hemd Lavor schwarz/gelb XL","Hemd Lavor"
"andro Hemd Lavor schwarz/gelb XS","Hemd Lavor"
"andro Hemd Lavor schwarz/gelb XXL","Hemd Lavor"
"andro Hemd Lavor schwarz/gelb XXS","Hemd Lavor"
"andro Hemd Lavor schwarz/gelb XXXL","Hemd Lavor"
"andro Hemd Lavor schwarz/gelb XXXXL","Hemd Lavor"
"andro Hemd Lavor schwarz/gelb XXXXXL","Hemd Lavor"
"andro Hemd Lavor schwarz/rot L","Hemd Lavor"
"andro Hemd Lavor schwarz/rot M","Hemd Lavor"
"andro Hemd Lavor schwarz/rot S","Hemd Lavor"
"andro Hemd Lavor schwarz/rot XL","Hemd Lavor"
"andro Hemd Lavor schwarz/rot XS","Hemd Lavor"
"andro Hemd Lavor schwarz/rot XXL","Hemd Lavor"
"andro Hemd Lavor schwarz/rot XXS","Hemd Lavor"
"andro Hemd Lavor schwarz/rot XXXL","Hemd Lavor"
"andro Hemd Lavor schwarz/rot XXXXL","Hemd Lavor"
"andro Hemd Lavor schwarz/rot XXXXXL","Hemd Lavor"
"andro Hemd Tilston rot/schwarz L","Hemd Tilston"
"andro Hemd Tilston rot/schwarz M","Hemd Tilston"
"andro Hemd Tilston rot/schwarz S","Hemd Tilston"
"andro Hemd Tilston rot/schwarz XXXXXL","Hemd Tilston"
"andro Hemd Tooper schwarz/neonrot L","Hemd Tooper"
"andro Hemd Tooper schwarz/neonrot M","Hemd Tooper"
"andro Hemd Tooper schwarz/neonrot S","Hemd Tooper"
"andro Hemd Tooper schwarz/neonrot XL","Hemd Tooper"
"andro Hemd Tooper schwarz/neonrot XS","Hemd Tooper"
"andro Hemd Tooper schwarz/neonrot XXL","Hemd Tooper"
"andro Hemd Tooper schwarz/neonrot XXXL","Hemd Tooper"
"andro Hemd Tooper schwarz/neonrot XXXXL","Hemd Tooper"
"andro Holz Gauzy BL7  anatomisch","Gauzy BL7"
"andro Holz Gauzy BL7  konkav","Gauzy BL7"
"andro Holz Gauzy SL  gerade","Gauzy SL"
"andro Holz Gauzy SL  konkav","Holz Gauzy SL"
"andro Holz Inizio Blue OFF  konkav","Inizio Blue OFF"
"andro Holz Inizio Green ALL  konkav","Inizio Green ALL"
"andro Holz Inizio Green ALL  konkav small","Inizio Green ALL"
"andro Holz Kanter CO OFF   anatomisch","Kanter CO OFF"
"andro Holz Kanter CO OFF   gerade","Kanter CO OFF"
"andro Holz Kanter CO OFF   konkav","Kanter CO OFF"
"andro Holz Kanter FO ALL/S  anatomisch","Kanter FO ALL/S"
"andro Holz Kanter FO ALL/S  gerade","Kanter FO ALL/S"
"andro Holz Kanter FO ALL/S  konkav","Kanter FO ALL/S"
"andro Holz Kanter FO OFF   anatomisch","Kanter FO OFF"
"andro Holz Kanter FO OFF   gerade","Holz Kanter FO OFF"
"andro Holz Kanter FO OFF   konkav","Kanter FO OFF"
"andro Holz Novacell ALL/S  anatomisch","Holz Novacell ALL/S"
"andro Holz Novacell ALL/S  gerade","Novacell ALL/S"
"andro Holz Novacell ALL/S  konkav","Novacell ALL/S"
"andro Holz Novacell OFF  anatomisch","Holz Novacell OFF"
"andro Holz Novacell OFF  gerade","Holz Novacell OFF"
"andro Holz Novacell OFF  konkav","Holz Novacell OFF"
"andro Holz Novacell OFF/S  anatomisch","Novacell OFF/S"
"andro Holz Novacell OFF/S  gerade","Novacell OFF/S"
"andro Holz Novacell OFF/S  konkav","Novacell OFF/S"
"andro Holz Synteliac VCI   gerade","Synteliac VCI"
"andro Holz Synteliac VCI   konkav","Synteliac VCI"
"andro Holz Synteliac VCO  konkav","Synteliac VCO"
"andro Holz Synteliac ZCI  gerade","Synteliac ZCI"
"andro Holz Synteliac ZCI  konkav","Synteliac ZCI"
"andro Holz Synteliac ZCO  gerade","Synteliac ZCO"
"andro Holz Synteliac ZCO  konkav","Synteliac ZCO"
"andro Holz Timber 5 ALL  anatomisch","Timber 5 ALL"
"andro Holz Timber 5 ALL  gerade","Timber 5 ALL"
"andro Holz Timber 5 ALL  konkav","Timber 5 ALL"
"andro Holz Timber 5 ALL Black  anatomisch","Timber 5 ALL Black"
"andro Holz Timber 5 ALL Black  gerade","Timber 5 ALL Black"
"andro Holz Timber 5 ALL Black  konkav","Timber 5 ALL Black"
"andro Holz Timber5 ALL/S  anatomisch","Timber5 ALL/S"
"andro Holz Timber5 ALL/S  gerade","Timber5 ALL/S"
"andro Holz Timber5 ALL/S  konkav","Timber5 ALL/S"
"andro Holz Timber5 ALL/S (small)  konkav small","Timber5 ALL/S (small)"
"andro Holz Timber5 DEF  gerade","Timber5 DEF"
"andro Holz Timber5 DEF  konkav","Timber5 DEF"
"andro Holz Timber5 OFF  anatomisch","Timber5 OFF"
"andro Holz Timber5 OFF  gerade","Timber5 OFF"
"andro Holz Timber5 OFF  konkav","Timber5 OFF"
"andro Holz Timber7 OFF  anatomisch","Timber7 OFF"
"andro Holz Timber7 OFF  gerade","Timber7 OFF"
"andro Holz Timber7 OFF  konkav","Timber7 OFF"
"andro Holz Timber7 OFF/S  anatomisch","Timber7 OFF/S"
"andro Holz Timber7 OFF/S  gerade","Timber7 OFF/S"
"andro Holz Timber7 OFF/S  konkav","Timber7 OFF/S"
"andro Holz TP_Ligna ALL  gerade","TP_Ligna ALL"
"andro Holz TP_Ligna ALL  konkav","TP_Ligna ALL"
"andro Holz TP_Ligna Basalt Inner OFF  gerade","TP_Ligna Basalt Inner OFF"
"andro Holz TP_Ligna Basalt Inner OFF  konkav","TP_Ligna Basalt Inner OFF"
"andro Holz TP_Ligna Cl OFF  gerade","TP_Ligna Cl OFF"
"andro Holz TP_Ligna Cl OFF  konkav","TP_Ligna Cl OFF"
"andro Holz TP_Ligna CO OFF  gerade","TP_Ligna CO OFF"
"andro Holz TP_Ligna CO OFF  konkav","TP_Ligna CO OFF"
"andro Holz TP_Ligna DEF  gerade","TP_Ligna DEF"
"andro Holz TP_Ligna DEF  konkav","TP_Ligna DEF"
"andro Holz Treiber CI OFF  anatomisch","Treiber CI OFF"
"andro Holz Treiber CI OFF  gerade","Treiber CI OFF"
"andro Holz Treiber CI OFF  konkav","Treiber CI OFF"
"andro Holz Treiber CO ALL/S  gerade","Treiber CO ALL/S"
"andro Holz Treiber CO ALL/S  konkav","Treiber CO ALL/S"
"andro Holz Treiber CO ALL/S  konkav small","Treiber CO ALL/S"
"andro Holz Treiber CO OFF/S  anatomisch","Treiber CO OFF/S"
"andro Holz Treiber CO OFF/S  gerade","Holz Treiber CO OFF/S"
"andro Holz Treiber CO OFF/S  konkav","Holz Treiber CO OFF/S"
"andro Holz Treiber Fl OFF  anatomisch","Treiber Fl OFF"
"andro Holz Treiber Fl OFF  gerade","Treiber Fl OFF"
"andro Holz Treiber Fl OFF  konkav","Holz Treiber Fl OFF"
"andro Holz Treiber FO OFF/S  anatomisch","Holz Treiber FO OFF/S"
"andro Holz Treiber FO OFF/S  gerade","Treiber FO OFF/S"
"andro Holz Treiber FO OFF/S  konkav","Treiber FO OFF/S"
"andro Holz Unity 5 ALL  anatomisch","Unity 5 ALL"
"andro Holz Unity 5 ALL  gerade","Unity 5 ALL"
"andro Holz Unity 5 ALL  konkav","Unity 5 ALL"
"andro Holz Unity 5 OFF  anatomisch","Unity 5 OFF"
"andro Holz Unity 5 OFF  gerade","Unity 5 OFF"
"andro Holz Unity 5 OFF  konkav","Unity 5 OFF"
"andro Holz Unity 7 OFF  anatomisch","Unity 7 OFF"
"andro Holz Unity 7 OFF  gerade","Unity 7 OFF"
"andro Holz Unity 7 OFF  konkav","Unity 7 OFF"
"andro Holz Wano-Kiwami AO OFF  gerade","Wano-Kiwami AO OFF"
"andro Holz Wano-Kiwami AO OFF  konkav","Wano-Kiwami AO OFF"
"andro Holz Wano-Kiwami Midori DEF  gerade","andro Wanokiwami Midori DEF"
"andro Holz Wano-Kiwami Midori DEF  konkav","Wanokiwami Midori DEF"
"andro Holz Wanokiwami Ren  gerade","Wanokiwami Ren"
"andro Holz Wanokiwami Ren  konkav","Wanokiwami Ren"
"andro Hoodie Doley grau/schwarz L","Doley"
"andro Hoodie Doley grau/schwarz M","Hoodie Doley"
"andro Hoodie Doley grau/schwarz S","Doley"
"andro Hoodie Doley grau/schwarz XL","Doley"
"andro Hoodie Doley grau/schwarz XS","Hoodie Doley"
"andro Hoodie Doley grau/schwarz XXL","Hoodie Doley"
"andro Hoodie Doley grau/schwarz XXS","Hoodie Doley"
"andro Hoodie Doley grau/schwarz XXXL","Hoodie Doley"
"andro Hoodie Doley grau/schwarz XXXXL","Hoodie Doley"
"andro Hülle Hard Case blau","Hülle Hard Case"
"andro Hülle Hard Case pink","Hülle Hard Case"
"andro Hülle Hard Case silber","Hülle Hard Case"
"andro Kantenband Cl 10mm/50m schwarz/gelb","Kantenband Cl"
"andro Kantenband Cl 10mm/5m schwarz/gelb","Kantenband Cl"
"andro Kantenband Cl 12mm/50m schwarz/gelb","Kantenband Cl"
"andro Kantenband Cl 12mm/5m schwarz/gelb","Kantenband Cl 12mm/5m schwarz/gelb"
"andro Kantenband Colors 10mm/50m multicolor","Kantenband Colors"
"andro Kantenband Colors 10mm/5m multicolor","Kantenband Colors 10mm/5m"
"andro Kantenband Colors 12mm/50m multicolor","Kantenband Colors 12mm/50m"
"andro Kantenband Colors 12mm/5m multicolor","Kantenband Colors 12mm/5m"
"andro Kantenband Stripes 10mm/50m schwarz/grün","Kantenband Stripes"
"andro Kantenband Stripes 10mm/5m schwarz/grün","Kantenband Stripes 10mm/5m"
"andro Kantenband Stripes 12mm/50m schwarz/grün","Kantenband Stripes"
"andro Klebefolie Free Sticker","Klebefolie Free Sticker"
"andro Kleber Pro Glu 100 g","Kleber Pro Glu 100 g"
"andro Kleber Pro Glu 30 g","Kleber Pro Glu 30 g"
"andro Kleber Turbo-Fix 250 ml","Kleber Turbo-Fix 250 ml"
"andro Kleber Turbo-Fix 50 ml","Kleber Turbo-Fix 50 ml"
"andro Kleber Turbo-Fix 90 ml","Kleber Turbo-Fix 90 ml"
"andro Komplettschläger R2P Top Level  anatomisch","Komplettschläger R2P Top Level"
